cable_id,sld_schema,cbl_type,label,from,calc_lengt,splice_id,to,backhaul,sp1_type,sp1_label,sp2_type,sp2_label,stru_label,enc_type,placement,sc_type,coords_from,coords_to,reel_end
72,1;,96,GAL/A001/96F,NULL,880,1,GAL/A001,1,,NULL,,NULL,GAL/A/ENET/CH036,4,2,JOINT,POINT(532317.96 727056.91),POINT(531633.3 726584.34),2
25,1;1;,24,GAL/A002/24F,GAL/A001,160,2,GAL/A002,2,SP8A,GAL/A002/A113,,NULL,GAL/A/ENET/CH037,1,2,ODP1,POINT(531633.3 726584.34),POINT(531523.25 726545.8),2
20,1;1;1;,24,GAL/A003/24F,GAL/A002,14,3,GAL/A003,2,SP4A,GAL/A003/A113/1,,NULL,GAL/A/EIR/CH269,2,2,ODP2,POINT(531523.25 726545.8),POINT(531517.03 726539.45),2
22,1;1;1;1;,24,GAL/A007/24F,GAL/A003,44,7,GAL/A007,2,,NULL,,NULL,GAL/A/EIR/CH326,4,2,JOINT,POINT(531517.03 726539.45),POINT(531521.9 726567.8),2
21,1;1;1;1;1;,12,GAL/A005/12F,GAL/A007,76,5,GAL/A005,2,SP4A,GAL/A005/A113/2,,NULL,GAL/A/EIR/CH080,2,2,ODP2,POINT(531521.9 726567.8),POINT(531472.28 726618.97),2
24,1;1;1;1;2;,12,GAL/A006/12F,GAL/A007,244,6,GAL/A006,2,SP4A,GAL/A006/A113/3,,NULL,GAL/A/EIR/CH012,2,2,ODP2,POINT(531521.9 726567.8),POINT(531529.31 726513.12),2
23,1;1;1;1;3;,24,GAL/A004/24F,GAL/A007,20,4,GAL/A004,2,SP32B,GAL/A004/A207,,NULL,NULL,1,3,ODP1,POINT(531521.9 726567.8),POINT(531520.24 726579.75),2
23,1;1;1;1;3;,24,GAL/A004/24F,GAL/A007,20,273,GAL/A273,2,SP32B,GAL/A273/A114,,NULL,NULL,1,3,ODP1,POINT(531521.9 726567.8),POINT(531520.24 726579.75),2
26,1;2;,96,GAL/A008/96F,GAL/A001,2087,8,GAL/A008,1,SP4B,GAL/A008/A115,,NULL,GAL/A/ENET/CH043,1,2,ODP1,POINT(531633.3 726584.34),POINT(530347.55 725335.71),2
27,1;2;1;,12,GAL/A274/12F,GAL/A008,290,274,GAL/A274,2,,NULL,NULL,NULL,GAL/A/EIR/CH088,4,2,JOINT,POINT(530347.55 725335.71),POINT(530293.34 725130.38),2
270,1;2;1;1;,12,GAL/A010/12F,GAL/A274,35,10,GAL/A010,2,SP4A,GAL/A010/A115/2,,NULL,NULL,2,3,ODP2,POINT(530293.34 725130.38),POINT(530300.7 725106.6),2
28,1;2;1;2;,12,GAL/A009/12F,GAL/A274,172,9,GAL/A009,2,SP4A,GAL/A009/A115/1,,NULL,NULL,2,3,ODP2,POINT(530293.34 725130.38),POINT(530286.49 725005.78),2
73,1;2;1;3;,12,GAL/A011/12F,GAL/A274,1137,11,GAL/A011,2,SP4A,GAL/A011/A115/3,,NULL,GAL/A/EIR/CH288,2,2,ODP2,POINT(530293.34 725130.38),POINT(530651.82 724718.35),2
264,1;2;2;,96,GAL/A012/96F,GAL/A008,1586,12,GAL/A012,1,SP4B,GAL/A012/A116,,NULL,GAL/A/EIR/CH497,1,2,ODP1,POINT(530347.55 725335.71),POINT(529481.75 725106.27),1
271,1;2;2;1;,12,GAL/A014/12F,GAL/A012,177,14,GAL/A014,1,SP4A,GAL/A014/A116/2,,NULL,NULL,2,3,ODP2,POINT(529481.75 725106.27),POINT(529458.29 725267.39),2
29,1;2;2;2;,12,GAL/A013/12F,GAL/A012,1061,13,GAL/A013,2,SP4A,GAL/A013/A116/1,,NULL,GAL/A/EIR/CH014,2,2,ODP2,POINT(529481.75 725106.27),POINT(529366.33 724161.81),2
272,1;2;2;3;,96,GAL/A015/96F,GAL/A012,242,15,GAL/A015,1,,NULL,,NULL,GAL/A/EIR/CH215,4,2,JOINT,POINT(529481.75 725106.27),POINT(529484.66 725302.9),2
31,1;2;2;3;1;,12,GAL/A016/12F,GAL/A015,31,16,GAL/A016,2,SP32B,GAL/A016/A117,,NULL,NULL,1,3,ODP1,POINT(529484.66 725302.9),POINT(529494.23 725283.6),2
74,1;2;2;3;2;,96,GAL/A017/96F,GAL/A015,55,17,GAL/A017,1,SP8A,GAL/A017/A118,,NULL,GAL/A/EIR/CH107,1,2,ODP1,POINT(529484.66 725302.9),POINT(529488.25 725344.77),2
259,1;2;2;3;2;1;,12,GAL/A018/12F,GAL/A017,31,18,GAL/A018,2,SP4A,GAL/A018/A118/1,SP4A,GAL/A018/A118/6,NULL,2,3,ODP2,POINT(529488.25 725344.77),POINT(529475.64 725356.24),2
259,1;2;2;3;2;1;,12,GAL/A018/12F,GAL/A017,31,275,GAL/A275,2,SP4A,GAL/A275/A118/5,SP4A,GAL/A275/A118/7,NULL,2,3,ODP2,POINT(529488.25 725344.77),POINT(529475.64 725356.24),2
75,1;2;2;3;2;2;,96,GAL/A019/96F,GAL/A017,55,19,GAL/A019,1,SP4A,GAL/A019/A118/2,,NULL,GAL/A/EIR/CH490,2,2,ODP2,POINT(529488.25 725344.77),POINT(529530.83 725367.63),2
30,1;2;2;3;2;2;1;,12,GAL/A025/12F,GAL/A019,721,25,GAL/A025,2,SP4A,GAL/A025/A118/3,,NULL,GAL/A/EIR/CH155,2,2,ODP2,POINT(529530.83 725367.63),POINT(529933.33 725812.35),2
76,1;2;2;3;2;2;1;1;,12,GAL/A026/12F,GAL/A025,501,26,GAL/A026,2,SP4A,GAL/A026/A118/4,,NULL,NULL,2,3,ODP2,POINT(529933.33 725812.35),POINT(529824.15 726068.49),2
263,1;2;2;3;2;2;2;,96,GAL/A020/96F,GAL/A019,286,20,GAL/A020,1,SP4A,GAL/A020/A119/1,,NULL,GAL/A/EIR/CH485,2,2,ODP2,POINT(529530.83 725367.63),POINT(529453.19 725585.07),2
32,1;2;2;3;2;2;2;1;,96,GAL/A021/96F,GAL/A020,776,21,GAL/A021,1,SP4B,GAL/A021/A119,,NULL,GAL/A/EIR/CH211,1,2,ODP1,POINT(529453.19 725585.07),POINT(529037.39 726077.67),2
33,1;2;2;3;2;2;2;1;1;,12,GAL/A022/12F,GAL/A021,324,22,GAL/A022,2,SP8A,GAL/A022/A119/2,,NULL,GAL/A/EIR/CH255,2,2,ODP2,POINT(529037.39 726077.67),POINT(529243.75 726149.06),2
261,1;2;2;3;2;2;2;1;2;,96,GAL/A023/96F,GAL/A021,456,23,GAL/A023,1,,NULL,,NULL,GAL/A/EIR/CH379,4,2,JOINT,POINT(529037.39 726077.67),POINT(528651.79 726010.01),2
260,1;2;2;3;2;2;2;1;2;1;,12,GAL/A024/12F,GAL/A023,443,24,GAL/A024,2,SP8A,GAL/A024/A119/3,,NULL,GAL/A/EIR/CH263,2,3,ODP2,POINT(528651.79 726010.01),POINT(528380.38 725797.45),2
260,1;2;2;3;2;2;2;1;2;1;,12,GAL/A024/12F,GAL/A023,443,276,GAL/A276,2,SP4A,GAL/A276/A119/4,,NULL,GAL/A/EIR/CH263,2,3,ODP2,POINT(528651.79 726010.01),POINT(528380.38 725797.45),2
262,1;2;2;3;2;2;2;1;2;2;,96,GAL/A027/96F,GAL/A023,2134,27,GAL/A027,1,SP8A,GAL/A027/A120,,NULL,GAL/A/EIR/CH434,1,2,ODP1,POINT(528651.79 726010.01),POINT(526951.36 725723.99),1
244,1;2;2;3;2;2;2;1;2;2;1;,12,GAL/A030/12F,GAL/A027,188,30,GAL/A030,2,SP4A,GAL/A030/A120/3,,NULL,1435876,2,1,ODP2,POINT(526951.36 725723.99),POINT(526866.38 725873.67),2
248,1;2;2;3;2;2;2;1;2;2;1;1;,12,GAL/A029/12F,GAL/A030,228,29,GAL/A029,2,SP4A,GAL/A029/A120/2,,NULL,1668523,2,1,ODP2,POINT(526866.38 725873.67),POINT(526761.72 726054.42),2
219,1;2;2;3;2;2;2;1;2;2;1;1;1;,12,GAL/A028/12F,GAL/A029,196,28,GAL/A028,2,SP4A,GAL/A028/A120/1,,NULL,1602359,2,1,ODP2,POINT(526761.72 726054.42),POINT(526633.09 726155.05),2
77,1;2;2;3;2;2;2;1;2;2;2;,96,GAL/A031/96F,GAL/A027,133,31,GAL/A031,1,,NULL,,NULL,GAL/A/EIR/CH328,4,2,JOINT,POINT(526951.36 725723.99),POINT(526828.01 725758.63),2
34,1;2;2;3;2;2;2;1;2;2;2;1;,24,GAL/A032/24F,GAL/A031,97,32,GAL/A032,2,SP4A,GAL/A032/A120/4,,NULL,1602356,2,1,ODP2,POINT(526828.01 725758.63),POINT(526748.56 725788.05),2
1,1;2;2;3;2;2;2;1;2;2;2;1;1;,24,GAL/A033/24F,GAL/A032,106,33,GAL/A033,2,SP4A,GAL/A033/A120/5,,NULL,1440391,2,1,ODP2,POINT(526748.56 725788.05),POINT(526666.06 725814.71),2
79,1;2;2;3;2;2;2;1;2;2;2;1;1;1;,24,GAL/A034/24F,GAL/A033,63,34,GAL/A034,2,SP4A,GAL/A034/A120/6,,NULL,1462616,2,1,ODP2,POINT(526666.06 725814.71),POINT(526623.92 725828.73),2
78,1;2;2;3;2;2;2;1;2;2;2;1;1;1;1;,24,GAL/A035/24F,GAL/A034,137,35,GAL/A035,2,SP4A,GAL/A035/A120/7,,NULL,1462615,2,1,ODP2,POINT(526623.92 725828.73),POINT(526509.33 725858.58),2
267,1;2;2;3;2;2;2;1;2;2;2;1;1;1;1;1;,24,GAL/A036/24F,GAL/A035,397,36,GAL/A036,2,SP8A,GAL/A036/A121,SP4B,GAL/A036/A121/8,E1000017,5,1,ODP1+ODP2,POINT(526509.33 725858.58),POINT(526149.92 725976.88),2
35,1;2;2;3;2;2;2;1;2;2;2;1;1;1;1;1;1;,12,GAL/A037/12F,GAL/A036,194,37,GAL/A037,2,SP4A,GAL/A037/A121/1,,NULL,1667838,2,1,ODP2,POINT(526149.92 725976.88),POINT(526134.74 726151.32),2
249,1;2;2;3;2;2;2;1;2;2;2;1;1;1;1;1;1;1;,12,GAL/A038/12F,GAL/A037,223,38,GAL/A038,2,SP4A,GAL/A038/A121/2,,NULL,1667834,2,1,ODP2,POINT(526134.74 726151.32),POINT(526150.54 726355.44),2
86,1;2;2;3;2;2;2;1;2;2;2;1;1;1;1;1;1;1;1;,12,GAL/A039/12F,GAL/A038,168,39,GAL/A039,2,SP4A,GAL/A039/A121/3,,NULL,2534074,2,1,ODP2,POINT(526150.54 726355.44),POINT(526154.43 726507.47),2
85,1;2;2;3;2;2;2;1;2;2;2;1;1;1;1;1;1;1;1;1;,12,GAL/A040/12F,GAL/A039,109,40,GAL/A040,2,SP4A,GAL/A040/A121/4,,NULL,1666818,2,1,ODP2,POINT(526154.43 726507.47),POINT(526154.1 726600.5),2
84,1;2;2;3;2;2;2;1;2;2;2;1;1;1;1;1;1;1;1;1;1;,12,GAL/A041/12F,GAL/A040,156,41,GAL/A041,2,SP4A,GAL/A041/A121/5,,NULL,E1000028,2,1,ODP2,POINT(526154.1 726600.5),POINT(526160.09 726736.35),2
83,1;2;2;3;2;2;2;1;2;2;2;1;1;1;1;1;1;1;1;1;1;1;,12,GAL/A045/12F,GAL/A041,408,45,GAL/A045,2,,NULL,,NULL,106757,3,1,ODP3,POINT(526160.09 726736.35),POINT(526090.2 727048.92),2
82,1;2;2;3;2;2;2;1;2;2;2;1;1;1;1;1;1;1;1;1;1;1;1;,12,GAL/A044/12F,GAL/A045,226,44,GAL/A044,2,,NULL,,NULL,1461021,4,1,JOINT,POINT(526090.2 727048.92),POINT(525910.37 727149.87),2
81,1;2;2;3;2;2;2;1;2;2;2;1;1;1;1;1;1;1;1;1;1;1;1;1;,12,GAL/A042/12F,GAL/A044,411,42,GAL/A042,2,SP4A,GAL/A042/A121/6,,NULL,1641550,2,1,ODP2,POINT(525910.37 727149.87),POINT(525552.66 727302.11),2
36,1;2;2;3;2;2;2;1;2;2;2;1;1;1;1;1;1;1;1;1;1;1;1;2;,12,GAL/A043/12F,GAL/A044,519,43,GAL/A043,2,SP4A,GAL/A043/A121/7,,NULL,241349,2,1,ODP2,POINT(525910.37 727149.87),POINT(525961.75 727623.73),2
80,1;2;2;3;2;2;2;1;2;2;2;1;1;1;1;1;2;,24,GAL/A047/24F,GAL/A036,261,47,GAL/A047,2,SP8A,GAL/A047/A122,SP4B,GAL/A047/A122/8,1668917,5,1,ODP1+ODP2,POINT(526149.92 725976.88),POINT(525917.58 726046.69),2
87,1;2;2;3;2;2;2;1;2;2;2;1;1;1;1;1;2;1;,24,GAL/A046/24F,GAL/A047,120,46,GAL/A046,2,SP4A,GAL/A046/A122/1,,NULL,1454454,2,1,ODP2,POINT(525917.58 726046.69),POINT(525822.45 726080.89),2
258,1;2;2;3;2;2;2;1;2;2;2;1;1;1;1;1;2;1;1;,24,GAL/A048/24F,GAL/A046,225,48,GAL/A048,2,SP4A,GAL/A048/A122/2,,NULL,GAL/A/EIR/CH086,2,2,ODP2,POINT(525822.45 726080.89),POINT(525622.21 726152.1),2
250,1;2;2;3;2;2;2;1;2;2;2;1;1;1;1;1;2;1;1;1;,12,GAL/A051/12F,GAL/A048,86,51,GAL/A051,2,SP4A,GAL/A051/A122/4,,NULL,1462377,2,1,ODP2,POINT(525622.21 726152.1),POINT(525579.64 726092.92),2
89,1;2;2;3;2;2;2;1;2;2;2;1;1;1;1;1;2;1;1;1;1;,12,GAL/A052/12F,GAL/A051,118,52,GAL/A052,2,SP4A,GAL/A052/A122/5,,NULL,1635946,2,1,ODP2,POINT(525579.64 726092.92),POINT(525535.3 726004.76),2
251,1;2;2;3;2;2;2;1;2;2;2;1;1;1;1;1;2;1;1;1;1;1;,12,GAL/A053/12F,GAL/A052,175,53,GAL/A053,2,SP4A,GAL/A053/A122/6,,NULL,1635950,2,1,ODP2,POINT(525535.3 726004.76),POINT(525461.89 725865.9),2
252,1;2;2;3;2;2;2;1;2;2;2;1;1;1;1;1;2;1;1;2;,12,GAL/A054/12F,GAL/A048,94,54,GAL/A054,2,SP4A,GAL/A054/A122/7,,NULL,1635943,2,1,ODP2,POINT(525622.21 726152.1),POINT(525667.92 726143.4),2
88,1;2;2;3;2;2;2;1;2;2;2;1;1;1;1;1;2;1;1;3;,24,GAL/A049/24F,GAL/A048,112,49,GAL/A049,2,SP4A,GAL/A049/A122/3,,NULL,1455136,2,1,ODP2,POINT(525622.21 726152.1),POINT(525529.26 726186.48),2
2,1;2;2;3;2;2;2;1;2;2;2;1;1;1;1;1;2;1;1;3;1;,24,GAL/A055/24F,GAL/A049,152,55,GAL/A055,2,SP8A,GAL/A055/A123,SP4B,GAL/A055/A123/7,16955,5,1,ODP1+ODP2,POINT(525529.26 726186.48),POINT(525402.68 726225.17),2
91,1;2;2;3;2;2;2;1;2;2;2;1;1;1;1;1;2;1;1;3;1;1;,24,GAL/A050/24F,GAL/A055,79,50,GAL/A050,2,SP4A,GAL/A050/A123/1,,NULL,1455135,2,1,ODP2,POINT(525402.68 726225.17),POINT(525342.12 726224.77),2
90,1;2;2;3;2;2;2;1;2;2;2;1;1;1;1;1;2;1;1;3;1;1;1;,24,GAL/A056/24F,GAL/A050,219,56,GAL/A056,2,SP4A,GAL/A056/A123/2,,NULL,1637011,2,1,ODP2,POINT(525342.12 726224.77),POINT(525141.6 726221.71),2
98,1;2;2;3;2;2;2;1;2;2;2;1;1;1;1;1;2;1;1;3;1;1;1;1;,24,GAL/A057/24F,GAL/A056,113,57,GAL/A057,2,SP4A,GAL/A057/A123/3,,NULL,1637013,2,1,ODP2,POINT(525141.6 726221.71),POINT(525046.28 726224.17),2
97,1;2;2;3;2;2;2;1;2;2;2;1;1;1;1;1;2;1;1;3;1;1;1;1;1;,24,GAL/A058/24F,GAL/A057,211,58,GAL/A058,2,SP4A,GAL/A058/A123/4,,NULL,1637018,2,1,ODP2,POINT(525046.28 726224.17),POINT(524855.9 726242.34),2
96,1;2;2;3;2;2;2;1;2;2;2;1;1;1;1;1;2;1;1;3;1;1;1;1;1;1;,24,GAL/A059/24F,GAL/A058,225,59,GAL/A059,2,SP4A,GAL/A059/A123/5,,NULL,106764,2,1,ODP2,POINT(524855.9 726242.34),POINT(524652.12 726274.86),2
95,1;2;2;3;2;2;2;1;2;2;2;1;1;1;1;1;2;1;1;3;1;1;1;1;1;1;1;,24,GAL/A060/24F,GAL/A059,105,60,GAL/A060,2,SP4A,GAL/A060/A123/6,,NULL,1652913,2,1,ODP2,POINT(524652.12 726274.86),POINT(524566.37 726285.43),2
94,1;2;2;3;2;2;2;1;2;2;2;1;1;1;1;1;2;1;1;3;1;1;1;1;1;1;1;1;,24,GAL/A061/24F,GAL/A060,110,61,GAL/A061,2,SP8A,GAL/A061/A124,SP4B,GAL/A061/A124/5,1652914,5,1,ODP1+ODP2,POINT(524566.37 726285.43),POINT(524475.57 726297.96),2
93,1;2;2;3;2;2;2;1;2;2;2;1;1;1;1;1;2;1;1;3;1;1;1;1;1;1;1;1;1;,24,GAL/A062/24F,GAL/A061,165,62,GAL/A062,2,SP4A,GAL/A062/A124/1,,NULL,1370524,2,1,ODP2,POINT(524475.57 726297.96),POINT(524329.57 726316.9),2
92,1;2;2;3;2;2;2;1;2;2;2;1;1;1;1;1;2;1;1;3;1;1;1;1;1;1;1;1;1;1;,24,GAL/A069/24F,GAL/A062,57,69,GAL/A069,2,SP4A,GAL/A069/A124/3,,NULL,1463702,2,1,ODP2,POINT(524329.57 726316.9),POINT(524292.73 726327.18),2
103,1;2;2;3;2;2;2;1;2;2;2;1;1;1;1;1;2;1;1;3;1;1;1;1;1;1;1;1;1;1;1;,24,GAL/A070/24F,GAL/A069,184,70,GAL/A070,2,SP4A,GAL/A070/A124/4,,NULL,1286126,2,1,ODP2,POINT(524292.73 726327.18),POINT(524130.59 726354.24),2
105,1;2;2;3;2;2;2;1;2;2;2;1;1;1;1;1;2;1;1;3;1;1;1;1;1;1;1;1;1;1;1;1;,24,GAL/A071/24F,GAL/A070,69,71,GAL/A071,2,SP8A,GAL/A071/A126,SP4B,GAL/A071/A126/7,116798,5,1,ODP1+ODP2,POINT(524130.59 726354.24),POINT(524081.8 726362.2),1
104,1;2;2;3;2;2;2;1;2;2;2;1;1;1;1;1;2;1;1;3;1;1;1;1;1;1;1;1;1;1;1;1;1;,24,GAL/A072/24F,GAL/A071,103,72,GAL/A072,2,SP4A,GAL/A072/A126/1,,NULL,1461974,2,1,ODP2,POINT(524081.8 726362.2),POINT(523999.19 726377.27),2
235,1;2;2;3;2;2;2;1;2;2;2;1;1;1;1;1;2;1;1;3;1;1;1;1;1;1;1;1;1;1;1;1;1;1;,24,GAL/A073/24F,GAL/A072,298,73,GAL/A073,2,SP4A,GAL/A073/A126/2,,NULL,1653205,2,1,ODP2,POINT(523999.19 726377.27),POINT(523759.17 726425.03),2
6,1;2;2;3;2;2;2;1;2;2;2;1;1;1;1;1;2;1;1;3;1;1;1;1;1;1;1;1;1;1;1;1;1;1;1;,12,GAL/A074/12F,GAL/A073,60,74,GAL/A074,2,SP4A,GAL/A074/A126/3,,NULL,E1000010,2,1,ODP2,POINT(523759.17 726425.03),POINT(523717.42 726414.16),2
116,1;2;2;3;2;2;2;1;2;2;2;1;1;1;1;1;2;1;1;3;1;1;1;1;1;1;1;1;1;1;1;1;1;1;2;,24,GAL/A077/24F,GAL/A073,283,77,GAL/A077,2,SP4A,GAL/A077/A126/5,,NULL,1723234,2,1,ODP2,POINT(523759.17 726425.03),POINT(523700.15 726682.2),2
37,1;2;2;3;2;2;2;1;2;2;2;1;1;1;1;1;2;1;1;3;1;1;1;1;1;1;1;1;1;1;1;1;1;1;2;1;,24,GAL/A078/24F,GAL/A077,112,78,GAL/A078,2,SP4A,GAL/A078/A126/6,,NULL,1723236,2,1,ODP2,POINT(523700.15 726682.2),POINT(523684.26 726771.91),2
3,1;2;2;3;2;2;2;1;2;2;2;1;1;1;1;1;2;1;1;3;1;1;1;1;1;1;1;1;1;1;1;1;1;1;2;1;1;,24,GAL/A079/24F,GAL/A078,71,79,GAL/A079,2,SP8A,GAL/A079/A128,SP4B,GAL/A079/A128/6,1635368,5,1,ODP1+ODP2,POINT(523684.26 726771.91),POINT(523684.24 726823.92),2
256,1;2;2;3;2;2;2;1;2;2;2;1;1;1;1;1;2;1;1;3;1;1;1;1;1;1;1;1;1;1;1;1;1;1;2;1;1;1;,12,GAL/A081/12F,GAL/A079,158,81,GAL/A081,2,SP4A,GAL/A081/A128/2,,NULL,1723237,2,1,ODP2,POINT(523684.24 726823.92),POINT(523665.89 726961.6),2
38,1;2;2;3;2;2;2;1;2;2;2;1;1;1;1;1;2;1;1;3;1;1;1;1;1;1;1;1;1;1;1;1;1;1;2;1;1;1;1;,12,GAL/A080/12F,GAL/A081,84,80,GAL/A080,2,SP4A,GAL/A080/A128/1,,NULL,1463710,2,1,ODP2,POINT(523665.89 726961.6),POINT(523727.59 726981.47),2
4,1;2;2;3;2;2;2;1;2;2;2;1;1;1;1;1;2;1;1;3;1;1;1;1;1;1;1;1;1;1;1;1;1;1;2;1;1;1;2;,12,GAL/A082/12F,GAL/A081,287,82,GAL/A082,2,SP4A,GAL/A082/A128/3,,NULL,1706562,2,1,ODP2,POINT(523665.89 726961.6),POINT(523626.25 727225.83),2
118,1;2;2;3;2;2;2;1;2;2;2;1;1;1;1;1;2;1;1;3;1;1;1;1;1;1;1;1;1;1;1;1;1;1;2;1;1;1;2;1;,12,GAL/A083/12F,GAL/A082,228,83,GAL/A083,2,SP4A,GAL/A083/A128/4,,NULL,1635208,2,1,ODP2,POINT(523626.25 727225.83),POINT(523598.26 727433.79),2
5,1;2;2;3;2;2;2;1;2;2;2;1;1;1;1;1;2;1;1;3;1;1;1;1;1;1;1;1;1;1;1;1;1;1;2;1;1;1;2;1;1;,12,GAL/A084/12F,GAL/A083,242,84,GAL/A084,2,SP4A,GAL/A084/A128/5,,NULL,1706568,2,1,ODP2,POINT(523598.26 727433.79),POINT(523396.21 727363.34),2
117,1;2;2;3;2;2;2;1;2;2;2;1;1;1;1;1;2;1;1;3;1;1;1;1;1;1;1;1;1;1;1;1;1;1;2;1;1;1;2;1;2;,12,GAL/A085/12F,GAL/A083,374,85,GAL/A085,2,,NULL,,NULL,1635110,3,1,ODP3,POINT(523598.26 727433.79),POINT(523585.57 727788.89),2
7,1;2;2;3;2;2;2;1;2;2;2;1;1;1;1;1;2;1;1;3;1;1;1;1;1;1;1;1;1;1;1;1;2;,24,GAL/A075/24F,GAL/A071,151,75,GAL/A075,2,SP4A,GAL/A075/A126/4,,NULL,1693340,2,1,ODP2,POINT(524081.8 726362.2),POINT(523969.53 726294.83),2
108,1;2;2;3;2;2;2;1;2;2;2;1;1;1;1;1;2;1;1;3;1;1;1;1;1;1;1;1;1;1;1;1;2;1;,24,GAL/A076/24F,GAL/A075,71,76,GAL/A076,2,SP8A,GAL/A076/A127,SP4B,GAL/A076/A127/7,1693402,5,1,ODP1+ODP2,POINT(523969.53 726294.83),POINT(523921.15 726274.38),2
107,1;2;2;3;2;2;2;1;2;2;2;1;1;1;1;1;2;1;1;3;1;1;1;1;1;1;1;1;1;1;1;1;2;1;1;,12,GAL/A086/12F,GAL/A076,114,86,GAL/A086,2,SP4A,GAL/A086/A127/1,,NULL,1693404,2,1,ODP2,POINT(523921.15 726274.38),POINT(523835.71 726231.66),2
106,1;2;2;3;2;2;2;1;2;2;2;1;1;1;1;1;2;1;1;3;1;1;1;1;1;1;1;1;1;1;1;1;2;1;1;1;,12,GAL/A087/12F,GAL/A086,207,87,GAL/A087,2,SP4A,GAL/A087/A127/2,,NULL,115793,2,1,ODP2,POINT(523835.71 726231.66),POINT(523653.54 726250.2),2
245,1;2;2;3;2;2;2;1;2;2;2;1;1;1;1;1;2;1;1;3;1;1;1;1;1;1;1;1;1;1;1;1;2;1;1;1;1;,12,GAL/A089/12F,GAL/A087,285,89,GAL/A089,2,SP4A,GAL/A089/A127/4,,NULL,1461976,2,1,ODP2,POINT(523653.54 726250.2),POINT(523477.96 726043.71),2
237,1;2;2;3;2;2;2;1;2;2;2;1;1;1;1;1;2;1;1;3;1;1;1;1;1;1;1;1;1;1;1;1;2;1;1;1;2;,12,GAL/A088/12F,GAL/A087,360,88,GAL/A088,2,SP4A,GAL/A088/A127/3,,NULL,277257,2,1,ODP2,POINT(523653.54 726250.2),POINT(523318.31 726313.03),2
8,1;2;2;3;2;2;2;1;2;2;2;1;1;1;1;1;2;1;1;3;1;1;1;1;1;1;1;1;1;1;1;1;2;1;1;1;2;1;,12,GAL/A090/12F,GAL/A088,294,90,GAL/A090,2,SP4A,GAL/A090/A127/5,,NULL,1503290,2,1,ODP2,POINT(523318.31 726313.03),POINT(523160.51 726126.63),2
236,1;2;2;3;2;2;2;1;2;2;2;1;1;1;1;1;2;1;1;3;1;1;1;1;1;1;1;1;1;1;1;1;2;1;1;1;2;2;,12,GAL/A091/12F,GAL/A088,380,91,GAL/A091,2,SP4A,GAL/A091/A127/6,,NULL,277266,2,1,ODP2,POINT(523318.31 726313.03),POINT(523164 726604.85),2
109,1;2;2;3;2;2;2;1;2;2;2;1;1;1;1;1;2;1;1;3;1;1;1;1;1;1;1;1;1;1;1;1;2;1;1;1;2;2;1;,12,GAL/A092/12F,GAL/A091,516,92,GAL/A092,2,,NULL,,NULL,277276,3,1,ODP3,POINT(523164 726604.85),POINT(522977.39 727054.88),2
9,1;2;2;3;2;2;2;1;2;2;2;1;1;1;1;1;2;1;1;3;1;1;1;1;1;1;1;1;1;1;1;1;3;,24,GAL/A093/24F,GAL/A071,155,93,GAL/A093,2,SP8A,GAL/A093/A129,SP4B,GAL/A093/A129/4,1693094,5,1,ODP1+ODP2,POINT(524081.8 726362.2),POINT(524066.06 726229.54),2
110,1;2;2;3;2;2;2;1;2;2;2;1;1;1;1;1;2;1;1;3;1;1;1;1;1;1;1;1;1;1;1;1;3;1;,24,GAL/A094/24F,GAL/A093,237,94,GAL/A094,2,SP4A,GAL/A094/A129/1,,NULL,1693096,2,1,ODP2,POINT(524066.06 726229.54),POINT(524015.16 726018.09),2
115,1;2;2;3;2;2;2;1;2;2;2;1;1;1;1;1;2;1;1;3;1;1;1;1;1;1;1;1;1;1;1;1;3;1;1;,24,GAL/A095/24F,GAL/A094,149,95,GAL/A095,2,SP4A,GAL/A095/A129/2,,NULL,1693098,2,1,ODP2,POINT(524015.16 726018.09),POINT(524014.27 725890.96),2
114,1;2;2;3;2;2;2;1;2;2;2;1;1;1;1;1;2;1;1;3;1;1;1;1;1;1;1;1;1;1;1;1;3;1;1;1;,24,GAL/A096/24F,GAL/A095,154,96,GAL/A096,2,SP4A,GAL/A096/A129/3,,NULL,1463704,2,1,ODP2,POINT(524014.27 725890.96),POINT(524065.23 725767.2),2
238,1;2;2;3;2;2;2;1;2;2;2;1;1;1;1;1;2;1;1;3;1;1;1;1;1;1;1;1;1;1;1;1;3;1;1;1;1;,24,GAL/A097/24F,GAL/A096,314,97,GAL/A097,2,SP8A,GAL/A097/A130,SP4B,GAL/A097/A130/6,GAL/A/EIR/CH051,5,2,ODP1+ODP2,POINT(524065.23 725767.2),POINT(524254.52 725533.56),2
113,1;2;2;3;2;2;2;1;2;2;2;1;1;1;1;1;2;1;1;3;1;1;1;1;1;1;1;1;1;1;1;1;3;1;1;1;1;1;,12,GAL/A098/12F,GAL/A097,88,98,GAL/A098,2,SP4A,GAL/A098/A130/1,,NULL,GAL/A/EIR/CH227,2,2,ODP2,POINT(524254.52 725533.56),POINT(524296.81 725462.31),2
257,1;2;2;3;2;2;2;1;2;2;2;1;1;1;1;1;2;1;1;3;1;1;1;1;1;1;1;1;1;1;1;1;3;1;1;1;1;1;1;,12,GAL/A099/12F,GAL/A098,53,99,GAL/A099,2,SP4A,GAL/A099/A130/2,,NULL,1693331,2,1,ODP2,POINT(524296.81 725462.31),POINT(524313.06 725424.25),2
269,1;2;2;3;2;2;2;1;2;2;2;1;1;1;1;1;2;1;1;3;1;1;1;1;1;1;1;1;1;1;1;1;3;1;1;1;1;1;1;1;,12,GAL/A100/12F,GAL/A099,218,100,GAL/A100,2,SP4A,GAL/A100/A130/3,,NULL,GAL/A/EIR/CH242,2,2,ODP2,POINT(524313.06 725424.25),POINT(524407.66 725240.6),2
111,1;2;2;3;2;2;2;1;2;2;2;1;1;1;1;1;2;1;1;3;1;1;1;1;1;1;1;1;1;1;1;1;3;1;1;1;1;1;1;1;1;,12,GAL/A101/12F,GAL/A100,54,101,GAL/A101,2,SP4A,GAL/A101/A130/4,,NULL,1693335,2,1,ODP2,POINT(524407.66 725240.6),POINT(524421.47 725202.91),2
112,1;2;2;3;2;2;2;1;2;2;2;1;1;1;1;1;2;1;1;3;1;1;1;1;1;1;1;1;1;1;1;1;3;1;1;1;1;1;1;1;1;1;,12,GAL/A102/12F,GAL/A101,119,102,GAL/A102,2,SP4A,GAL/A102/A130/5,,NULL,GAL/A/EIR/CH355,2,2,ODP2,POINT(524421.47 725202.91),POINT(524459.55 725104.59),2
268,1;2;2;3;2;2;2;1;2;2;2;1;1;1;1;1;2;1;1;3;1;1;1;1;1;1;1;1;1;2;,24,GAL/A063/24F,GAL/A062,146,63,GAL/A063,2,SP4A,GAL/A063/A124/2,SP4A,GAL/A063/A124/6,GAL/A/EIR/CH271,2,2,ODP2,POINT(524329.57 726316.9),POINT(524352.54 726449.04),2
102,1;2;2;3;2;2;2;1;2;2;2;1;1;1;1;1;2;1;1;3;1;1;1;1;1;1;1;1;1;2;1;,24,GAL/A064/24F,GAL/A063,155,64,GAL/A064,2,SP8A,GAL/A064/A125,SP4B,GAL/A064/A125/6,GAL/A/EIR/CH017,5,2,ODP1+ODP2,POINT(524352.54 726449.04),POINT(524375.94 726597.02),2
255,1;2;2;3;2;2;2;1;2;2;2;1;1;1;1;1;2;1;1;3;1;1;1;1;1;1;1;1;1;2;1;1;,12,GAL/A065/12F,GAL/A064,113,65,GAL/A065,2,SP4A,GAL/A065/A125/1,,NULL,106797,2,1,ODP2,POINT(524375.94 726597.02),POINT(524398.08 726697.94),2
101,1;2;2;3;2;2;2;1;2;2;2;1;1;1;1;1;2;1;1;3;1;1;1;1;1;1;1;1;1;2;1;1;1;,12,GAL/A066/12F,GAL/A065,101,66,GAL/A066,2,SP4A,GAL/A066/A125/2,,NULL,1656616,2,1,ODP2,POINT(524398.08 726697.94),POINT(524412.08 726782.92),2
100,1;2;2;3;2;2;2;1;2;2;2;1;1;1;1;1;2;1;1;3;1;1;1;1;1;1;1;1;1;2;1;1;1;1;,12,GAL/A067/12F,GAL/A066,61,67,GAL/A067,2,SP4A,GAL/A067/A125/3,SP4A,GAL/A067/A125/7,1656617,2,1,ODP2,POINT(524412.08 726782.92),POINT(524428.91 726823.53),2
275,1;2;2;3;2;2;2;1;2;2;2;1;1;1;1;1;2;1;1;3;1;1;1;1;1;1;1;1;1;2;1;1;1;1;1;,12,GAL/A279/12F,GAL/A067,50,279,GAL/A279,2,SP4A,GAL/A279/A125/5,NULL,NULL,NULL,2,3,ODP2,POINT(524428.91 726823.53),POINT(524456.78 726833.93),2
99,1;2;2;3;2;2;2;1;2;2;2;1;1;1;1;1;2;1;1;3;1;1;1;1;1;1;1;1;1;2;1;1;1;1;2;,12,GAL/A068/12F,GAL/A067,136,68,GAL/A068,2,SP4A,GAL/A068/A125/4,,NULL,1465284,2,1,ODP2,POINT(524428.91 726823.53),POINT(524479.06 726928.89),2
120,1;2;2;3;2;2;2;1;2;2;2;2;,96,GAL/A103/96F,GAL/A031,3647,103,GAL/A103,1,SP4B,GAL/A103/A131,,NULL,GAL/A/EIR/CH097,1,2,ODP1,POINT(526828.01 725758.63),POINT(524671.39 723803.09),2
39,1;2;2;3;2;2;2;1;2;2;2;2;1;,24,GAL/A277/24F,GAL/A103,159,277,GAL/A277,2,,NULL,,NULL,GAL/A/EIR/CH021,4,2,JOINT,POINT(524671.39 723803.09),POINT(524756.64 723759.18),2
273,1;2;2;3;2;2;2;1;2;2;2;2;1;1;,12,GAL/A104/12F,GAL/A277,13,104,GAL/A281,2,SP8A,GAL/A281/A131/2,,NULL,NULL,2,3,ODP2,POINT(524756.64 723759.18),POINT(524754.41 723754.3),2
273,1;2;2;3;2;2;2;1;2;2;2;2;1;1;,12,GAL/A104/12F,GAL/A277,13,281,GAL/A104,2,SP8A,GAL/A104/A131/1,,NULL,NULL,2,3,ODP2,POINT(524756.64 723759.18),POINT(524754.41 723754.3),2
121,1;2;2;3;2;2;2;1;2;2;2;2;1;2;,24,GAL/A105/24F,GAL/A277,24,105,GAL/A105,2,SP4B,GAL/A105/A132,,NULL,GAL/A/EIR/CH324,1,2,ODP1,POINT(524756.64 723759.18),POINT(524774.5 723752.69),2
122,1;2;2;3;2;2;2;1;2;2;2;2;1;2;1;,12,GAL/A108/12F,GAL/A105,34,108,GAL/A108,2,SP8A,GAL/A108/A132/3,,NULL,NULL,2,3,ODP2,POINT(524774.5 723752.69),POINT(524776.55 723728.22),2
124,1;2;2;3;2;2;2;1;2;2;2;2;1;2;2;,12,GAL/A280/12F,GAL/A105,54,280,GAL/A106,2,SP8A,GAL/A106/A132/1,,NULL,NULL,2,3,ODP2,POINT(524774.5 723752.69),POINT(524807.31 723744.17),2
124,1;2;2;3;2;2;2;1;2;2;2;2;1;2;2;,12,GAL/A280/12F,GAL/A105,54,106,GAL/A280,2,SP8A,GAL/A280/A132/4,,NULL,NULL,2,3,ODP2,POINT(524774.5 723752.69),POINT(524807.31 723744.17),2
123,1;2;2;3;2;2;2;1;2;2;2;2;1;2;3;,12,GAL/A107/12F,GAL/A105,100,107,GAL/A107,2,SP8A,GAL/A107/A132/2,,NULL,GAL/A/EIR/CH308,2,3,ODP2,POINT(524774.5 723752.69),POINT(524809.39 723704.56),2
125,1;2;2;3;2;2;2;1;2;2;2;2;2;,96,GAL/A109/96F,GAL/A103,95,109,GAL/A109,1,,NULL,,NULL,GAL/A/EIR/CH027,4,2,JOINT,POINT(524671.39 723803.09),POINT(524590.06 723764.64),1
40,1;2;2;3;2;2;2;1;2;2;2;2;2;1;,12,GAL/A110/12F,GAL/A109,46,110,GAL/A110,2,SP8A,GAL/A110/A131/3,,NULL,E1000008,2,1,ODP2,POINT(524590.06 723764.64),POINT(524603.38 723786.83),2
239,1;2;2;3;2;2;2;1;2;2;2;2;2;1;1;,12,GAL/A111/12F,GAL/A110,251,111,GAL/A111,2,,NULL,,NULL,E1000016,3,1,ODP3,POINT(524603.38 723786.83),POINT(524452.06 723897.54),2
266,1;2;2;3;2;2;2;1;2;2;2;2;2;2;,96,GAL/A112/96F,GAL/A109,1052,112,GAL/A112,1,SP4B,GAL/A112/A133,SP4B,GAL/A112/A133/4,GAL/A/EIR/CH205,5,2,ODP1+ODP2,POINT(524590.06 723764.64),POINT(523900.62 723059.24),2
126,1;2;2;3;2;2;2;1;2;2;2;2;2;2;1;,96,GAL/A113/96F,GAL/A112,351,113,GAL/A113,1,SP4A,GAL/A113/A133/1,,NULL,GAL/A/EIR/CH329,2,2,ODP2,POINT(523900.62 723059.24),POINT(523572.42 722996.4),2
41,1;2;2;3;2;2;2;1;2;2;2;2;2;2;1;1;,12,GAL/A119/12F,GAL/A113,143,119,GAL/A119,2,SP4A,GAL/A119/A133/3,,NULL,GAL/A/EIR/CH386,2,2,ODP2,POINT(523572.42 722996.4),POINT(523581.62 722896.56),2
220,1;2;2;3;2;2;2;1;2;2;2;2;2;2;1;1;1;,12,GAL/A118/12F,GAL/A119,14,118,GAL/A118,2,SP4A,GAL/A118/A133/2,,NULL,GAL/A/EIR/CH349,2,2,ODP2,POINT(523581.62 722896.56),POINT(523582.84 722905.69),2
42,1;2;2;3;2;2;2;1;2;2;2;2;2;2;1;2;,24,GAL/A120/24F,GAL/A113,35,120,GAL/A120,2,SP4B,GAL/A120/A135,,NULL,GAL/A/EIR/CH411,1,2,ODP1,POINT(523572.42 722996.4),POINT(523555.33 723011.91),2
43,1;2;2;3;2;2;2;1;2;2;2;2;2;2;1;2;1;,12,GAL/A123/12F,GAL/A120,74,123,GAL/A123,2,SP4A,GAL/A123/A135/3,SP4A,GAL/A123/A135/4,GAL/A/EIR/CH495,2,2,ODP2,POINT(523555.33 723011.91),POINT(523612.46 723033.73),2
129,1;2;2;3;2;2;2;1;2;2;2;2;2;2;1;2;1;1;,12,GAL/A122/12F,GAL/A123,47,122,GAL/A122,2,SP4A,GAL/A122/A135/2,,NULL,GAL/A/EIR/CH202,2,2,ODP2,POINT(523612.46 723033.73),POINT(523610.01 723075.13),2
128,1;2;2;3;2;2;2;1;2;2;2;2;2;2;1;2;1;1;1;,12,GAL/A121/12F,GAL/A122,48,121,GAL/A121,2,SP4A,GAL/A121/A135/1,,NULL,GAL/A/EIR/CH106,2,2,ODP2,POINT(523610.01 723075.13),POINT(523649.86 723085.79),2
44,1;2;2;3;2;2;2;1;2;2;2;2;2;2;1;2;2;,24,GAL/A124/24F,GAL/A120,257,124,GAL/A124,2,SP4B,GAL/A124/A136,SP4B,GAL/A124/A136/4,GAL/A/EIR/CH217,5,2,ODP1+ODP2,POINT(523555.33 723011.91),POINT(523592.07 723255.93),2
223,1;2;2;3;2;2;2;1;2;2;2;2;2;2;1;2;2;1;,12,GAL/A125/12F,GAL/A124,62,125,GAL/A125,2,SP4A,GAL/A125/A136/1,,NULL,GAL/A/EIR/CH292,2,2,ODP2,POINT(523592.07 723255.93),POINT(523551.13 723225.98),2
222,1;2;2;3;2;2;2;1;2;2;2;2;2;2;1;2;2;1;1;,12,GAL/A126/12F,GAL/A125,79,126,GAL/A126,2,SP4A,GAL/A126/A136/2,,NULL,GAL/A/EIR/CH185,2,2,ODP2,POINT(523551.13 723225.98),POINT(523477.5 723220.3),2
221,1;2;2;3;2;2;2;1;2;2;2;2;2;2;1;2;2;1;1;1;,12,GAL/A127/12F,GAL/A126,81,127,GAL/A127,2,SP4A,GAL/A127/A136/3,,NULL,GAL/A/EIR/CH182,2,2,ODP2,POINT(523477.5 723220.3),POINT(523426.96 723270.53),2
127,1;2;2;3;2;2;2;1;2;2;2;2;2;2;1;3;,96,GAL/A114/96F,GAL/A113,111,114,GAL/A114,1,SP4B,GAL/A114/A134,SP4B,GAL/A114/A134/4,GAL/A/EIR/CH241,5,2,ODP1+ODP2,POINT(523572.42 722996.4),POINT(523467.21 723001.14),2
131,1;2;2;3;2;2;2;1;2;2;2;2;2;2;1;3;1;,96,GAL/A115/96F,GAL/A114,76,115,GAL/A115,1,SP4A,GAL/A115/A134/1,,NULL,GAL/A/EIR/CH034,2,2,ODP2,POINT(523467.21 723001.14),POINT(523397.37 722987.44),2
130,1;2;2;3;2;2;2;1;2;2;2;2;2;2;1;3;1;1;,12,GAL/A117/12F,GAL/A115,72,117,GAL/A117,2,SP4A,GAL/A117/A134/3,,NULL,E1000012,2,1,ODP2,POINT(523397.37 722987.44),POINT(523400.71 722934.2),2
246,1;2;2;3;2;2;2;1;2;2;2;2;2;2;1;3;1;2;,12,GAL/A116/12F,GAL/A115,118,116,GAL/A116,2,SP4A,GAL/A116/A134/2,,NULL,202980,2,1,ODP2,POINT(523397.37 722987.44),POINT(523341.3 723069.73),2
132,1;2;2;3;2;2;2;1;2;2;2;2;2;2;1;3;1;3;,96,GAL/A128/96F,GAL/A115,252,128,GAL/A128,1,SP8A,GAL/A128/A137,,NULL,GAL/A/EIR/CH001,1,2,ODP1,POINT(523397.37 722987.44),POINT(523154.98 722941.14),2
45,1;2;2;3;2;2;2;1;2;2;2;2;2;2;1;3;1;3;1;,12,GAL/A129/12F,GAL/A128,244,129,GAL/A129,2,SP4A,GAL/A129/A137/1,,NULL,1539093,2,1,ODP2,POINT(523154.98 722941.14),POINT(523187.31 722794.88),2
232,1;2;2;3;2;2;2;1;2;2;2;2;2;2;1;3;1;3;2;,24,GAL/A130/24F,GAL/A128,329,130,GAL/A130,2,SP4A,GAL/A130/A137/2,,NULL,195752,2,1,ODP2,POINT(523154.98 722941.14),POINT(523045.68 723208.08),2
133,1;2;2;3;2;2;2;1;2;2;2;2;2;2;1;3;1;3;2;1;,24,GAL/A131/24F,GAL/A130,164,131,GAL/A131,2,SP4A,GAL/A131/A137/3,,NULL,195787,2,1,ODP2,POINT(523045.68 723208.08),POINT(523030.74 723354.61),2
233,1;2;2;3;2;2;2;1;2;2;2;2;2;2;1;3;1;3;2;1;1;,24,GAL/A132/24F,GAL/A131,99,132,GAL/A132,2,SP4A,GAL/A132/A137/4,,NULL,189149,2,1,ODP2,POINT(523030.74 723354.61),POINT(523028.96 723433.66),2
10,1;2;2;3;2;2;2;1;2;2;2;2;2;2;1;3;1;3;2;1;1;1;,24,GAL/A133/24F,GAL/A132,127,133,GAL/A133,2,SP4A,GAL/A133/A137/5,,NULL,195571,2,1,ODP2,POINT(523028.96 723433.66),POINT(523033.46 723541.91),2
136,1;2;2;3;2;2;2;1;2;2;2;2;2;2;1;3;1;3;2;1;1;1;1;,24,GAL/A134/24F,GAL/A133,53,134,GAL/A134,2,SP4A,GAL/A134/A137/6,,NULL,1503288,2,1,ODP2,POINT(523033.46 723541.91),POINT(523037.37 723574.62),2
135,1;2;2;3;2;2;2;1;2;2;2;2;2;2;1;3;1;3;2;1;1;1;1;1;,24,GAL/A135/24F,GAL/A134,203,135,GAL/A135,2,SP4A,GAL/A135/A137/7,,NULL,195603,2,1,ODP2,POINT(523037.37 723574.62),POINT(523068.23 723754.85),2
134,1;2;2;3;2;2;2;1;2;2;2;2;2;2;1;3;1;3;2;1;1;1;1;1;1;,24,GAL/A136/24F,GAL/A135,177,136,GAL/A136,2,SP4A,GAL/A136/A137/8,,NULL,195573,2,1,ODP2,POINT(523068.23 723754.85),POINT(523092.91 723910.18),2
234,1;2;2;3;2;2;2;1;2;2;2;2;2;2;1;3;1;3;2;1;1;1;1;1;1;1;,24,GAL/A138/24F,GAL/A136,605,138,GAL/A138,2,SP8A,GAL/A138/A138,SP4B,GAL/A138/A138/8,195584,5,1,ODP1+ODP2,POINT(523092.91 723910.18),POINT(522994.48 724460.26),2
137,1;2;2;3;2;2;2;1;2;2;2;2;2;2;1;3;1;3;2;1;1;1;1;1;1;1;1;,12,GAL/A139/12F,GAL/A138,466,139,GAL/A139,2,,NULL,,NULL,1066759,4,1,JOINT,POINT(522994.48 724460.26),POINT(522757.54 724836.98),2
12,1;2;2;3;2;2;2;1;2;2;2;2;2;2;1;3;1;3;2;1;1;1;1;1;1;1;1;1;,12,GAL/A140/12F,GAL/A139,284,140,GAL/A140,2,SP4A,GAL/A140/A138/2,,NULL,1710639,2,1,ODP2,POINT(522757.54 724836.98),POINT(522520.15 724727.22),2
139,1;2;2;3;2;2;2;1;2;2;2;2;2;2;1;3;1;3;2;1;1;1;1;1;1;1;1;1;1;,12,GAL/A141/12F,GAL/A140,74,141,GAL/A141,2,SP4A,GAL/A141/A138/3,,NULL,427176,2,1,ODP2,POINT(522520.15 724727.22),POINT(522469.24 724701.64),2
138,1;2;2;3;2;2;2;1;2;2;2;2;2;2;1;3;1;3;2;1;1;1;1;1;1;1;1;2;,12,GAL/A271/12F,GAL/A139,1039,271,GAL/A271,2,,NULL,,NULL,189197,4,1,JOINT,POINT(522757.54 724836.98),POINT(522485.49 725815.86),2
46,1;2;2;3;2;2;2;1;2;2;2;2;2;2;1;3;1;3;2;1;1;1;1;1;1;1;1;2;1;,12,GAL/A143/12F,GAL/A271,253,143,GAL/A143,2,SP4A,GAL/A143/A138/5,,NULL,2277292,2,1,ODP2,POINT(522485.49 725815.86),POINT(522270.54 725910.13),2
217,1;2;2;3;2;2;2;1;2;2;2;2;2;2;1;3;1;3;2;1;1;1;1;1;1;1;1;2;1;1;,12,GAL/A272/12F,GAL/A143,463,272,GAL/A272,2,,NULL,,NULL,1326669,3,1,ODP3,POINT(522270.54 725910.13),POINT(521857.35 726075.85),2
218,1;2;2;3;2;2;2;1;2;2;2;2;2;2;1;3;1;3;2;1;1;1;1;1;1;1;1;2;1;1;1;,12,GAL/A144/12F,GAL/A272,1441,144,GAL/A144,2,SP4A,GAL/A144/A138/6,,NULL,1692459,2,1,ODP2,POINT(521857.35 726075.85),POINT(520486.26 726353.4),2
140,1;2;2;3;2;2;2;1;2;2;2;2;2;2;1;3;1;3;2;1;1;1;1;1;1;1;1;2;1;1;1;1;,12,GAL/A145/12F,GAL/A144,517,145,GAL/A145,2,,NULL,,NULL,1453036,3,1,ODP3,POINT(520486.26 726353.4),POINT(519988.28 726348.66),2
240,1;2;2;3;2;2;2;1;2;2;2;2;2;2;1;3;1;3;2;1;1;1;1;1;1;1;1;2;1;1;1;1;1;,12,GAL/A146/12F,GAL/A145,303,146,GAL/A146,2,SP4A,GAL/A146/A138/7,,NULL,1693053,2,1,ODP2,POINT(519988.28 726348.66),POINT(519715.11 726279.51),2
11,1;2;2;3;2;2;2;1;2;2;2;2;2;2;1;3;1;3;2;1;1;1;1;1;1;1;1;2;2;,12,GAL/A142/12F,GAL/A271,290,142,GAL/A142,2,SP4A,GAL/A142/A138/4,,NULL,277288,2,1,ODP2,POINT(522485.49 725815.86),POINT(522731.11 725709.36),2
153,1;2;2;3;2;2;2;1;2;2;2;2;2;2;1;3;1;3;2;1;1;1;1;1;1;1;2;,24,GAL/A137/24F,GAL/A138,455,137,GAL/A137,2,SP4A,GAL/A137/A138/1,,NULL,1538700,2,1,ODP2,POINT(522994.48 724460.26),POINT(522740.1 724105.21),2
141,1;2;2;3;2;2;2;1;2;2;2;2;2;2;1;3;1;3;2;1;1;1;1;1;1;1;2;1;,24,GAL/A147/24F,GAL/A137,110,147,GAL/A147,2,SP8A,GAL/A147/A139,SP4B,GAL/A147/A139/6,1538612,5,1,ODP1+ODP2,POINT(522740.1 724105.21),POINT(522734.76 724024.91),2
150,1;2;2;3;2;2;2;1;2;2;2;2;2;2;1;3;1;3;2;1;1;1;1;1;1;1;2;1;1;,24,GAL/A148/24F,GAL/A147,98,148,GAL/A148,2,SP4A,GAL/A148/A139/1,,NULL,1538614,2,1,ODP2,POINT(522734.76 724024.91),POINT(522761.43 723951.54),2
151,1;2;2;3;2;2;2;1;2;2;2;2;2;2;1;3;1;3;2;1;1;1;1;1;1;1;2;1;1;1;,24,GAL/A149/24F,GAL/A148,185,149,GAL/A149,2,SP4A,GAL/A149/A139/2,,NULL,1779954,2,1,ODP2,POINT(522761.43 723951.54),POINT(522794.25 723786.44),2
152,1;2;2;3;2;2;2;1;2;2;2;2;2;2;1;3;1;3;2;1;1;1;1;1;1;1;2;1;1;1;1;,24,GAL/A150/24F,GAL/A149,47,150,GAL/A150,2,SP4A,GAL/A150/A139/3,,NULL,1779955,2,1,ODP2,POINT(522794.25 723786.44),POINT(522798.42 723753.58),2
224,1;2;2;3;2;2;2;1;2;2;2;2;2;2;1;3;1;3;2;1;1;1;1;1;1;1;2;1;1;1;1;1;,24,GAL/A151/24F,GAL/A150,96,151,GAL/A151,2,SP4A,GAL/A151/A139/4,,NULL,1538619,2,1,ODP2,POINT(522798.42 723753.58),POINT(522809.59 723680.54),2
274,1;2;2;3;2;2;2;1;2;2;2;2;2;2;1;3;1;3;2;1;1;1;1;1;1;1;2;1;1;1;1;1;1;,12,GAL/A278/12F,GAL/A151,32,278,GAL/A278,2,SP4A,GAL/A278/A139/5,NULL,NULL,NULL,2,3,ODP2,POINT(522809.59 723680.54),POINT(522827.99 723690.09),2
142,1;2;2;3;2;2;2;1;2;2;2;2;2;2;1;3;1;3;2;1;1;1;1;1;1;1;2;1;1;1;1;1;2;,24,GAL/A152/24F,GAL/A151,54,152,GAL/A152,2,SP8A,GAL/A152/A140,SP4B,GAL/A152/A140/5,1538620,5,1,ODP1+ODP2,POINT(522809.59 723680.54),POINT(522821.49 723646.52),2
47,1;2;2;3;2;2;2;1;2;2;2;2;2;2;1;3;1;3;2;1;1;1;1;1;1;1;2;1;1;1;1;1;2;1;,12,GAL/A153/12F,GAL/A152,63,153,GAL/A153,2,SP4A,GAL/A153/A140/1,,NULL,GAL/A/EIR/CH359,2,2,ODP2,POINT(522821.49 723646.52),POINT(522861.4 723678.53),2
48,1;2;2;3;2;2;2;1;2;2;2;2;2;2;1;3;1;3;2;1;1;1;1;1;1;1;2;1;1;1;1;1;2;2;,12,GAL/A154/12F,GAL/A152,99,154,GAL/A154,2,SP4A,GAL/A154/A140/2,,NULL,GAL/A/EIR/CH550,2,2,ODP2,POINT(522821.49 723646.52),POINT(522738.46 723622.59),2
149,1;2;2;3;2;2;2;1;2;2;2;2;2;2;1;3;1;3;2;1;1;1;1;1;1;1;2;1;1;1;1;1;2;2;1;,12,GAL/A155/12F,GAL/A154,63,155,GAL/A155,2,SP4A,GAL/A155/A140/3,,NULL,GAL/A/EIR/CH176,2,2,ODP2,POINT(522738.46 723622.59),POINT(522686.97 723596.42),2
148,1;2;2;3;2;2;2;1;2;2;2;2;2;2;1;3;1;3;2;1;1;1;1;1;1;1;2;1;1;1;1;1;2;2;1;1;,12,GAL/A156/12F,GAL/A155,57,156,GAL/A156,2,SP4A,GAL/A156/A140/4,,NULL,GAL/A/EIR/CH535,2,2,ODP2,POINT(522686.97 723596.42),POINT(522646.89 723563.88),2
143,1;2;2;3;2;2;2;1;2;2;2;2;2;2;1;3;1;3;2;1;1;1;1;1;1;1;2;1;1;1;1;1;2;3;,24,GAL/A157/24F,GAL/A152,113,157,GAL/A157,2,SP8A,GAL/A157/A141,SP4B,GAL/A157/A141/6,1453471,5,1,ODP1+ODP2,POINT(522821.49 723646.52),POINT(522858.8 723560.74),2
154,1;2;2;3;2;2;2;1;2;2;2;2;2;2;1;3;1;3;3;,96,GAL/A163/96F,GAL/A128,383,163,GAL/A163,1,SP8A,GAL/A163/A142,,NULL,GAL/A/EIR/CH018,1,2,ODP1,POINT(523154.98 722941.14),POINT(522787.91 722852.3),2
50,1;2;2;3;2;2;2;1;2;2;2;2;2;2;1;3;1;3;3;1;,12,GAL/A164/12F,GAL/A163,297,164,GAL/A164,2,,NULL,,NULL,GAL/A/EIR/CH396,4,2,JOINT,POINT(522787.91 722852.3),POINT(522614.09 723076.69),2
241,1;2;2;3;2;2;2;1;2;2;2;2;2;2;1;3;1;3;3;1;1;,12,GAL/A166/12F,GAL/A164,88,166,GAL/A166,2,SP4A,GAL/A166/A142/2,,NULL,1538692,2,1,ODP2,POINT(522614.09 723076.69),POINT(522560.82 723127.7),2
155,1;2;2;3;2;2;2;1;2;2;2;2;2;2;1;3;1;3;3;1;1;1;,12,GAL/A167/12F,GAL/A166,111,167,GAL/A167,2,SP4A,GAL/A167/A142/3,,NULL,1779957,2,1,ODP2,POINT(522560.82 723127.7),POINT(522498.49 723199.69),2
51,1;2;2;3;2;2;2;1;2;2;2;2;2;2;1;3;1;3;3;1;1;1;1;,12,GAL/A168/12F,GAL/A167,102,168,GAL/A168,2,SP4A,GAL/A168/A142/4,,NULL,GAL/A/EIR/CH159,2,2,ODP2,POINT(522498.49 723199.69),POINT(522508.8 723251.19),2
157,1;2;2;3;2;2;2;1;2;2;2;2;2;2;1;3;1;3;3;1;1;1;1;1;,12,GAL/A169/12F,GAL/A168,91,169,GAL/A169,2,SP4A,GAL/A169/A142/5,,NULL,GAL/A/EIR/CH145,2,2,ODP2,POINT(522508.8 723251.19),POINT(522591.86 723267.61),2
156,1;2;2;3;2;2;2;1;2;2;2;2;2;2;1;3;1;3;3;1;1;1;1;1;1;,12,GAL/A170/12F,GAL/A169,133,170,GAL/A170,2,SP4A,GAL/A170/A142/6,,NULL,GAL/A/EIR/CH548,2,2,ODP2,POINT(522591.86 723267.61),POINT(522693.12 723342.34),2
242,1;2;2;3;2;2;2;1;2;2;2;2;2;2;1;3;1;3;3;1;1;1;2;,12,GAL/A171/12F,GAL/A167,284,171,GAL/A171,2,SP4A,GAL/A171/A142/7,,NULL,1536359,2,1,ODP2,POINT(522498.49 723199.69),POINT(522317.09 723400.18),2
231,1;2;2;3;2;2;2;1;2;2;2;2;2;2;1;3;1;3;3;1;1;1;2;1;,12,GAL/A172/12F,GAL/A171,762,172,GAL/A172,2,SP4A,GAL/A172/A142/8,,NULL,N1000003,2,1,ODP2,POINT(522317.09 723400.18),POINT(521811.07 723862.03),2
52,1;2;2;3;2;2;2;1;2;2;2;2;2;2;1;3;1;3;3;1;2;,12,GAL/A165/12F,GAL/A164,459,165,GAL/A165,2,SP4A,GAL/A165/A142/1,,NULL,GAL/A/EIR/CH330,2,2,ODP2,POINT(522614.09 723076.69),POINT(522960.2 723178.71),2
158,1;2;2;3;2;2;2;1;2;2;2;2;2;2;1;3;1;3;3;2;,96,GAL/A173/96F,GAL/A163,423,173,GAL/A173,1,SP8A,GAL/A173/A143,,NULL,GAL/A/EIR/CH419,1,2,ODP1,POINT(522787.91 722852.3),POINT(522379.81 722764.62),2
53,1;2;2;3;2;2;2;1;2;2;2;2;2;2;1;3;1;3;3;2;1;,12,GAL/A174/12F,GAL/A173,96,174,GAL/A174,2,SP4A,GAL/A174/A143/1,,NULL,GAL/A/EIR/CH430,2,2,ODP2,POINT(522379.81 722764.62),POINT(522339.13 722845.41),2
167,1;2;2;3;2;2;2;1;2;2;2;2;2;2;1;3;1;3;3;2;1;1;,12,GAL/A175/12F,GAL/A174,62,175,GAL/A175,2,SP4A,GAL/A175/A143/2,,NULL,GAL/A/EIR/CH161,2,2,ODP2,POINT(522339.13 722845.41),POINT(522315.18 722896.95),2
226,1;2;2;3;2;2;2;1;2;2;2;2;2;2;1;3;1;3;3;2;1;1;1;,12,GAL/A176/12F,GAL/A175,36,176,GAL/A176,2,SP4A,GAL/A176/A143/3,,NULL,N1000020,2,1,ODP2,POINT(522315.18 722896.95),POINT(522322.85 722875.79),2
166,1;2;2;3;2;2;2;1;2;2;2;2;2;2;1;3;1;3;3;2;1;1;2;,12,GAL/A178/12F,GAL/A175,87,178,GAL/A178,2,SP4A,GAL/A178/A143/5,,NULL,GAL/A/EIR/CH178,2,2,ODP2,POINT(522315.18 722896.95),POINT(522274.41 722968.4),2
159,1;2;2;3;2;2;2;1;2;2;2;2;2;2;1;3;1;3;3;2;2;,96,GAL/A177/96F,GAL/A173,69,177,GAL/A177,1,SP4A,GAL/A177/A143/4,,NULL,GAL/A/EIR/CH137,2,2,ODP2,POINT(522379.81 722764.62),POINT(522322.53 722737.16),2
160,1;2;2;3;2;2;2;1;2;2;2;2;2;2;1;3;1;3;3;2;2;1;,96,GAL/A179/96F,GAL/A177,69,179,GAL/A179,1,SP4A,GAL/A179/A143/6,,NULL,GAL/A/EIR/CH473,2,2,ODP2,POINT(522322.53 722737.16),POINT(522273.41 722696.85),2
161,1;2;2;3;2;2;2;1;2;2;2;2;2;2;1;3;1;3;3;2;2;1;1;,96,GAL/A180/96F,GAL/A179,109,180,GAL/A180,1,SP4A,GAL/A180/A143/7,,NULL,GAL/A/EIR/CH475,2,2,ODP2,POINT(522273.41 722696.85),POINT(522190.11 722634.39),2
162,1;2;2;3;2;2;2;1;2;2;2;2;2;2;1;3;1;3;3;2;2;1;1;1;,96,GAL/A181/96F,GAL/A180,90,181,GAL/A181,1,SP8A,GAL/A181/A144,,NULL,GAL/A/EIR/CH519,1,2,ODP1,POINT(522190.11 722634.39),POINT(522109.29 722607.6),2
163,1;2;2;3;2;2;2;1;2;2;2;2;2;2;1;3;1;3;3;2;2;1;1;1;1;,96,GAL/A182/96F,GAL/A181,75,182,GAL/A182,1,SP4A,GAL/A182/A144/1,,NULL,GAL/A/EIR/CH552,2,2,ODP2,POINT(522109.29 722607.6),POINT(522039.66 722597.85),2
54,1;2;2;3;2;2;2;1;2;2;2;2;2;2;1;3;1;3;3;2;2;1;1;1;1;1;,12,GAL/A183/12F,GAL/A182,69,183,GAL/A183,2,SP4A,GAL/A183/A144/2,,NULL,202990,2,1,ODP2,POINT(522039.66 722597.85),POINT(522029.58 722654.82),2
165,1;2;2;3;2;2;2;1;2;2;2;2;2;2;1;3;1;3;3;2;2;1;1;1;1;2;,96,GAL/A184/96F,GAL/A182,88,184,GAL/A184,1,SP4A,GAL/A184/A144/3,,NULL,GAL/A/EIR/CH382,2,2,ODP2,POINT(522039.66 722597.85),POINT(521957.28 722590.39),2
164,1;2;2;3;2;2;2;1;2;2;2;2;2;2;1;3;1;3;3;2;2;1;1;1;1;2;1;,96,GAL/A185/96F,GAL/A184,85,185,GAL/A185,1,SP4A,GAL/A185/A144/4,,NULL,GAL/A/EIR/CH431,2,2,ODP2,POINT(521957.28 722590.39),POINT(521878.18 722581.75),2
119,1;2;2;3;2;2;2;1;2;2;2;2;2;2;1;3;1;3;3;2;2;1;1;1;1;2;1;1;,96,GAL/A186/96F,GAL/A185,123,186,GAL/A186,1,SP4A,GAL/A186/A144/5,,NULL,GAL/A/EIR/CH404,2,2,ODP2,POINT(521878.18 722581.75),POINT(521760.45 722577.03),2
13,1;2;2;3;2;2;2;1;2;2;2;2;2;2;1;3;1;3;3;2;2;1;1;1;1;2;1;1;1;,96,GAL/A187/96F,GAL/A186,67,187,GAL/A187,1,SP4A,GAL/A187/A144/6,,NULL,N1000062,2,1,ODP2,POINT(521760.45 722577.03),POINT(521709.96 722574.66),2
276,1;2;2;3;2;2;2;1;2;2;2;2;2;2;1;3;1;3;3;2;2;1;1;1;1;2;1;1;1;1;,24,GAL/A189/24F,GAL/A187,136,189,GAL/A189,2,SP8A,GAL/A189/A145,SP4B,GAL/A189/A145/7,277376,5,1,ODP1+ODP2,POINT(521709.96 722574.66),POINT(521685.87 722685.87),2
55,1;2;2;3;2;2;2;1;2;2;2;2;2;2;1;3;1;3;3;2;2;1;1;1;1;2;1;1;1;1;1;,12,GAL/A190/12F,GAL/A189,135,190,GAL/A190,2,SP4A,GAL/A190/A145/1,,NULL,GAL/A/EIR/CH393,2,2,ODP2,POINT(521685.87 722685.87),POINT(521802.68 722696.25),2
15,1;2;2;3;2;2;2;1;2;2;2;2;2;2;1;3;1;3;3;2;2;1;1;1;1;2;1;1;1;1;2;,24,GAL/A191/24F,GAL/A189,123,191,GAL/A191,2,SP4A,GAL/A191/A145/2,,NULL,115759,2,1,ODP2,POINT(521685.87 722685.87),POINT(521670.04 722788.59),2
229,1;2;2;3;2;2;2;1;2;2;2;2;2;2;1;3;1;3;3;2;2;1;1;1;1;2;1;1;1;1;2;1;,24,GAL/A192/24F,GAL/A191,105,192,GAL/A192,2,SP4A,GAL/A192/A145/3,,NULL,GAL/A/EIR/CH122,2,2,ODP2,POINT(521670.04 722788.59),POINT(521667.55 722880.18),2
56,1;2;2;3;2;2;2;1;2;2;2;2;2;2;1;3;1;3;3;2;2;1;1;1;1;2;1;1;1;1;2;1;1;,12,GAL/A193/12F,GAL/A192,96,193,GAL/A193,2,SP4A,GAL/A193/A145/4,,NULL,GAL/A/EIR/CH437,2,2,ODP2,POINT(521667.55 722880.18),POINT(521758.42 722881.23),2
170,1;2;2;3;2;2;2;1;2;2;2;2;2;2;1;3;1;3;3;2;2;1;1;1;1;2;1;1;1;1;2;1;2;,24,GAL/A194/24F,GAL/A192,123,194,GAL/A194,2,,NULL,,NULL,106701,3,1,ODP3,POINT(521667.55 722880.18),POINT(521678.1 722979.04),2
57,1;2;2;3;2;2;2;1;2;2;2;2;2;2;1;3;1;3;3;2;2;1;1;1;1;2;1;1;1;1;2;1;2;1;,24,GAL/A195/24F,GAL/A194,95,195,GAL/A195,2,SP4A,GAL/A195/A145/5,,NULL,277375,2,1,ODP2,POINT(521678.1 722979.04),POINT(521695.33 723047.32),2
171,1;2;2;3;2;2;2;1;2;2;2;2;2;2;1;3;1;3;3;2;2;1;1;1;1;2;1;1;1;1;2;1;2;1;1;,24,GAL/A196/24F,GAL/A195,68,196,GAL/A196,2,SP4A,GAL/A196/A145/6,,NULL,277373,2,1,ODP2,POINT(521695.33 723047.32),POINT(521694.79 723096.71),2
173,1;2;2;3;2;2;2;1;2;2;2;2;2;2;1;3;1;3;3;2;2;1;1;1;1;2;1;1;1;1;2;1;2;1;1;1;,24,GAL/A207/24F,GAL/A196,79,207,GAL/A207,2,SP8A,GAL/A207/A147,SP4B,GAL/A207/A147/8,277372,5,1,ODP1+ODP2,POINT(521694.79 723096.71),POINT(521700.77 723156.02),2
172,1;2;2;3;2;2;2;1;2;2;2;2;2;2;1;3;1;3;3;2;2;1;1;1;1;2;1;1;1;1;2;1;2;1;1;1;1;,24,GAL/A210/24F,GAL/A207,135,210,GAL/A210,2,SP4A,GAL/A210/A147/3,,NULL,106702,2,1,ODP2,POINT(521700.77 723156.02),POINT(521675.03 723269.4),2
184,1;2;2;3;2;2;2;1;2;2;2;2;2;2;1;3;1;3;3;2;2;1;1;1;1;2;1;1;1;1;2;1;2;1;1;1;1;1;,24,GAL/A211/24F,GAL/A210,52,211,GAL/A211,2,SP4A,GAL/A211/A147/4,,NULL,1712113,2,1,ODP2,POINT(521675.03 723269.4),POINT(521670.83 723302.08),2
183,1;2;2;3;2;2;2;1;2;2;2;2;2;2;1;3;1;3;3;2;2;1;1;1;1;2;1;1;1;1;2;1;2;1;1;1;1;1;1;,24,GAL/A212/24F,GAL/A211,66,212,GAL/A212,2,SP4A,GAL/A212/A147/5,,NULL,E1000019,2,1,ODP2,POINT(521670.83 723302.08),POINT(521673.07 723349.26),2
181,1;2;2;3;2;2;2;1;2;2;2;2;2;2;1;3;1;3;3;2;2;1;1;1;1;2;1;1;1;1;2;1;2;1;1;1;1;1;1;1;,12,GAL/A213/12F,GAL/A212,144,213,GAL/A213,2,SP4A,GAL/A213/A147/6,,NULL,1535717,2,1,ODP2,POINT(521673.07 723349.26),POINT(521549.68 723346.68),2
182,1;2;2;3;2;2;2;1;2;2;2;2;2;2;1;3;1;3;3;2;2;1;1;1;1;2;1;1;1;1;2;1;2;1;1;1;1;1;1;1;1;,12,GAL/A214/12F,GAL/A213,62,214,GAL/A214,2,SP4A,GAL/A214/A147/7,,NULL,1535718,2,1,ODP2,POINT(521549.68 723346.68),POINT(521505.68 723348.39),2
58,1;2;2;3;2;2;2;1;2;2;2;2;2;2;1;3;1;3;3;2;2;1;1;1;1;2;1;1;1;1;2;1;2;1;1;1;1;1;1;2;,24,GAL/A197/24F,GAL/A212,176,197,GAL/A197,2,SP8A,GAL/A197/A146,,NULL,1535713,1,1,ODP1,POINT(521673.07 723349.26),POINT(521666.72 723480.68),2
16,1;2;2;3;2;2;2;1;2;2;2;2;2;2;1;3;1;3;3;2;2;1;1;1;1;2;1;1;1;1;2;1;2;1;1;1;1;1;1;2;1;,12,GAL/A198/12F,GAL/A197,162,198,GAL/A198,2,SP4A,GAL/A198/A146/1,,NULL,241346,2,1,ODP2,POINT(521666.72 723480.68),POINT(521628.14 723618.17),2
59,1;2;2;3;2;2;2;1;2;2;2;2;2;2;1;3;1;3;3;2;2;1;1;1;1;2;1;1;1;1;2;1;2;1;1;1;1;1;1;2;1;1;,12,GAL/A199/12F,GAL/A198,91,199,GAL/A199,2,SP4A,GAL/A199/A146/2,,NULL,GAL/A/EIR/CH510,2,2,ODP2,POINT(521628.14 723618.17),POINT(521549.37 723623.07),2
187,1;2;2;3;2;2;2;1;2;2;2;2;2;2;1;3;1;3;3;2;2;1;1;1;1;2;1;1;1;1;2;1;2;1;1;1;1;1;1;2;1;1;1;,12,GAL/A200/12F,GAL/A199,48,200,GAL/A200,2,SP4A,GAL/A200/A146/3,,NULL,GAL/A/EIR/CH139,2,2,ODP2,POINT(521549.37 723623.07),POINT(521506.62 723629.26),2
186,1;2;2;3;2;2;2;1;2;2;2;2;2;2;1;3;1;3;3;2;2;1;1;1;1;2;1;1;1;1;2;1;2;1;1;1;1;1;1;2;1;1;1;1;,12,GAL/A201/12F,GAL/A200,83,201,GAL/A201,2,SP4A,GAL/A201/A146/4,,NULL,GAL/A/EIR/CH192,2,2,ODP2,POINT(521506.62 723629.26),POINT(521429.1 723638.47),2
60,1;2;2;3;2;2;2;1;2;2;2;2;2;2;1;3;1;3;3;2;2;1;1;1;1;2;1;1;1;1;2;1;2;1;1;1;1;1;1;2;1;1;1;1;1;,12,GAL/A203/12F,GAL/A201,81,203,GAL/A203,2,SP4A,GAL/A203/A146/6,,NULL,GAL/A/EIR/CH380,2,2,ODP2,POINT(521429.1 723638.47),POINT(521361.06 723639.46),2
185,1;2;2;3;2;2;2;1;2;2;2;2;2;2;1;3;1;3;3;2;2;1;1;1;1;2;1;1;1;1;2;1;2;1;1;1;1;1;1;2;1;1;1;1;2;,12,GAL/A202/12F,GAL/A201,120,202,GAL/A202,2,SP4A,GAL/A202/A146/5,,NULL,GAL/A/EIR/CH398,2,2,ODP2,POINT(521429.1 723638.47),POINT(521314.55 723652.02),2
188,1;2;2;3;2;2;2;1;2;2;2;2;2;2;1;3;1;3;3;2;2;1;1;1;1;2;1;1;1;1;2;1;2;1;1;1;1;1;1;2;1;2;,12,GAL/A204/12F,GAL/A198,121,204,GAL/A204,2,SP4A,GAL/A204/A146/7,,NULL,1535711,2,1,ODP2,POINT(521628.14 723618.17),POINT(521600.06 723715.75),2
230,1;2;2;3;2;2;2;1;2;2;2;2;2;2;1;3;1;3;3;2;2;1;1;1;1;2;1;1;1;1;2;1;2;1;1;1;1;1;1;2;1;2;1;,12,GAL/A205/12F,GAL/A204,157,205,GAL/A205,2,SP4A,GAL/A205/A146/8,,NULL,241747,2,1,ODP2,POINT(521600.06 723715.75),POINT(521571.19 723853.15),2
189,1;2;2;3;2;2;2;1;2;2;2;2;2;2;1;3;1;3;3;2;2;1;1;1;1;2;1;1;1;1;2;1;2;1;1;1;1;1;1;2;1;2;1;1;,12,GAL/A206/12F,GAL/A205,385,206,GAL/A206,2,,NULL,,NULL,1656949,3,1,ODP3,POINT(521571.19 723853.15),POINT(521474.6 724208.18),2
61,1;2;2;3;2;2;2;1;2;2;2;2;2;2;1;3;1;3;3;2;2;1;1;1;1;2;1;1;1;1;2;1;2;1;1;1;2;,24,GAL/A208/24F,GAL/A207,132,208,GAL/A208,2,SP4A,GAL/A208/A147/1,,NULL,GAL/A/EIR/CH381,2,2,ODP2,POINT(521700.77 723156.02),POINT(521767 723203.6),2
174,1;2;2;3;2;2;2;1;2;2;2;2;2;2;1;3;1;3;3;2;2;1;1;1;1;2;1;1;1;1;2;1;2;1;1;1;2;1;,24,GAL/A209/24F,GAL/A208,78,209,GAL/A209,2,SP4A,GAL/A209/A147/2,,NULL,GAL/A/EIR/CH367,2,2,ODP2,POINT(521767 723203.6),POINT(521839.26 723210.25),2
243,1;2;2;3;2;2;2;1;2;2;2;2;2;2;1;3;1;3;3;2;2;1;1;1;1;2;1;1;1;1;2;1;2;1;1;1;2;1;1;,24,GAL/A215/24F,GAL/A209,106,215,GAL/A215,2,SP8A,GAL/A215/A148,SP4B,GAL/A215/A148/8,1787156,5,1,ODP1+ODP2,POINT(521839.26 723210.25),POINT(521932.5 723212.86),2
17,1;2;2;3;2;2;2;1;2;2;2;2;2;2;1;3;1;3;3;2;2;1;1;1;1;2;1;1;1;1;2;1;2;1;1;1;2;1;1;1;,12,GAL/A216/12F,GAL/A215,104,216,GAL/A216,2,SP4A,GAL/A216/A148/1,,NULL,1782092,2,1,ODP2,POINT(521932.5 723212.86),POINT(522015.58 723221.7),2
178,1;2;2;3;2;2;2;1;2;2;2;2;2;2;1;3;1;3;3;2;2;1;1;1;1;2;1;1;1;1;2;1;2;1;1;1;2;1;1;1;1;,12,GAL/A217/12F,GAL/A216,100,217,GAL/A217,2,SP4A,GAL/A217/A148/2,,NULL,1437388,2,1,ODP2,POINT(522015.58 723221.7),POINT(522095.48 723225.22),2
177,1;2;2;3;2;2;2;1;2;2;2;2;2;2;1;3;1;3;3;2;2;1;1;1;1;2;1;1;1;1;2;1;2;1;1;1;2;1;1;1;1;1;,12,GAL/A218/12F,GAL/A217,58,218,GAL/A218,2,SP4A,GAL/A218/A148/3,,NULL,2206974,2,1,ODP2,POINT(522095.48 723225.22),POINT(522132.38 723216.96),2
176,1;2;2;3;2;2;2;1;2;2;2;2;2;2;1;3;1;3;3;2;2;1;1;1;1;2;1;1;1;1;2;1;2;1;1;1;2;1;1;1;1;1;1;,12,GAL/A219/12F,GAL/A218,65,219,GAL/A219,2,SP4A,GAL/A219/A148/4,,NULL,1782096,2,1,ODP2,POINT(522132.38 723216.96),POINT(522177.77 723225.58),2
175,1;2;2;3;2;2;2;1;2;2;2;2;2;2;1;3;1;3;3;2;2;1;1;1;1;2;1;1;1;1;2;1;2;1;1;1;2;1;1;1;1;1;1;1;,12,GAL/A220/12F,GAL/A219,165,220,GAL/A220,2,SP4A,GAL/A220/A148/5,,NULL,1536802,2,1,ODP2,POINT(522177.77 723225.58),POINT(522309.53 723280.97),2
179,1;2;2;3;2;2;2;1;2;2;2;2;2;2;1;3;1;3;3;2;2;1;1;1;1;2;1;1;1;1;2;1;2;1;1;1;2;1;1;2;,12,GAL/A221/12F,GAL/A215,97,221,GAL/A221,2,SP4A,GAL/A221/A148/6,,NULL,GAL/A/EIR/CH254,2,2,ODP2,POINT(521932.5 723212.86),POINT(521966.18 723135.55),2
180,1;2;2;3;2;2;2;1;2;2;2;2;2;2;1;3;1;3;3;2;2;1;1;1;1;2;1;1;1;1;2;1;2;1;1;1;2;1;1;2;1;,12,GAL/A222/12F,GAL/A221,98,222,GAL/A222,2,SP4A,GAL/A222/A148/7,,NULL,GAL/A/EIR/CH392,2,2,ODP2,POINT(521966.18 723135.55),POINT(521997.42 723048.13),2
169,1;2;2;3;2;2;2;1;2;2;2;2;2;2;1;3;1;3;3;2;2;1;1;1;1;2;1;1;1;2;,96,GAL/A188/96F,GAL/A187,72,188,GAL/A188,1,SP4A,GAL/A188/A144/7,,NULL,202996,2,1,ODP2,POINT(521709.96 722574.66),POINT(521659.32 722573.94),2
168,1;2;2;3;2;2;2;1;2;2;2;2;2;2;1;3;1;3;3;2;2;1;1;1;1;2;1;1;1;2;1;,96,GAL/A231/96F,GAL/A188,106,231,GAL/A231,1,SP4A,GAL/A231/A144/8,,NULL,GAL/A/EIR/CH416,2,2,ODP2,POINT(521659.32 722573.94),POINT(521566.4 722572.88),2
265,1;2;2;3;2;2;2;1;2;2;2;2;2;2;1;3;1;3;3;2;2;1;1;1;1;2;1;1;1;2;1;1;,24,GAL/A223/24F,GAL/A231,115,223,GAL/A223,2,SP8A,GAL/A223/A201,SP4B,GAL/A223/A201/8,251565,5,1,ODP1+ODP2,POINT(521566.4 722572.88),POINT(521529.91 722651.62),2
14,1;2;2;3;2;2;2;1;2;2;2;2;2;2;1;3;1;3;3;2;2;1;1;1;1;2;1;1;1;2;1;1;1;,12,GAL/A224/12F,GAL/A223,56,224,GAL/A224,2,SP4A,GAL/A224/A201/1,,NULL,189253,2,1,ODP2,POINT(521529.91 722651.62),POINT(521516.91 722686.98),2
196,1;2;2;3;2;2;2;1;2;2;2;2;2;2;1;3;1;3;3;2;2;1;1;1;1;2;1;1;1;2;1;1;1;1;,12,GAL/A225/12F,GAL/A224,56,225,GAL/A225,2,SP4A,GAL/A225/A201/2,,NULL,1437386,2,1,ODP2,POINT(521516.91 722686.98),POINT(521504.52 722721.55),2
195,1;2;2;3;2;2;2;1;2;2;2;2;2;2;1;3;1;3;3;2;2;1;1;1;1;2;1;1;1;2;1;1;1;1;1;,12,GAL/A226/12F,GAL/A225,154,226,GAL/A226,2,SP4A,GAL/A226/A201/3,,NULL,189270,2,1,ODP2,POINT(521504.52 722721.55),POINT(521496.7 722854.79),2
194,1;2;2;3;2;2;2;1;2;2;2;2;2;2;1;3;1;3;3;2;2;1;1;1;1;2;1;1;1;2;1;1;1;1;1;1;,12,GAL/A227/12F,GAL/A226,60,227,GAL/A227,2,SP4A,GAL/A227/A201/4,,NULL,189271,2,1,ODP2,POINT(521496.7 722854.79),POINT(521490.65 722896.53),2
193,1;2;2;3;2;2;2;1;2;2;2;2;2;2;1;3;1;3;3;2;2;1;1;1;1;2;1;1;1;2;1;1;1;1;1;1;1;,12,GAL/A228/12F,GAL/A227,71,228,GAL/A228,2,SP4A,GAL/A228/A201/5,,NULL,E1000022,2,1,ODP2,POINT(521490.65 722896.53),POINT(521519.5 722940.43),2
192,1;2;2;3;2;2;2;1;2;2;2;2;2;2;1;3;1;3;3;2;2;1;1;1;1;2;1;1;1;2;1;1;1;1;1;1;1;1;,12,GAL/A229/12F,GAL/A228,164,229,GAL/A229,2,SP4A,GAL/A229/A201/6,,NULL,1437389,2,1,ODP2,POINT(521519.5 722940.43),POINT(521515.53 723081.97),2
191,1;2;2;3;2;2;2;1;2;2;2;2;2;2;1;3;1;3;3;2;2;1;1;1;1;2;1;1;1;2;1;1;1;1;1;1;1;1;1;,12,GAL/A230/12F,GAL/A229,95,230,GAL/A230,2,SP4A,GAL/A230/A201/7,,NULL,90613,2,1,ODP2,POINT(521515.53 723081.97),POINT(521496.88 723153.61),2
64,1;2;2;3;2;2;2;1;2;2;2;2;2;2;1;3;1;3;3;2;2;1;1;1;1;2;1;1;1;2;1;2;,96,GAL/A232/96F,GAL/A231,113,232,GAL/A232,1,SP8A,GAL/A232/A202,SP4B,GAL/A232/A202/8,GAL/A/EIR/CH429,5,2,ODP1+ODP2,POINT(521566.4 722572.88),POINT(521458.1 722572.07),2
190,1;2;2;3;2;2;2;1;2;2;2;2;2;2;1;3;1;3;3;2;2;1;1;1;1;2;1;1;1;2;1;2;1;,96,GAL/A233/96F,GAL/A232,293,233,GAL/A233,1,SP4A,GAL/A233/A202/1,,NULL,GAL/A/EIR/CH492,2,2,ODP2,POINT(521458.1 722572.07),POINT(521174.41 722533.04),1
197,1;2;2;3;2;2;2;1;2;2;2;2;2;2;1;3;1;3;3;2;2;1;1;1;1;2;1;1;1;2;1;2;1;1;,96,GAL/A234/96F,GAL/A233,580,234,GAL/A234,1,SP4A,GAL/A234/A202/2,,NULL,GAL/A/EIR/CH409,2,2,ODP2,POINT(521174.41 722533.04),POINT(520624.74 722650.82),2
62,1;2;2;3;2;2;2;1;2;2;2;2;2;2;1;3;1;3;3;2;2;1;1;1;1;2;1;1;1;2;1;2;1;1;1;,12,GAL/A239/12F,GAL/A234,388,239,GAL/A239,2,,NULL,,NULL,277345,4,1,JOINT,POINT(520624.74 722650.82),POINT(520791.85 722984.76),2
63,1;2;2;3;2;2;2;1;2;2;2;2;2;2;1;3;1;3;3;2;2;1;1;1;1;2;1;1;1;2;1;2;1;1;1;1;,12,GAL/A235/12F,GAL/A239,315,235,GAL/A235,2,SP4A,GAL/A235/A202/3,,NULL,N1000026,2,1,ODP2,POINT(520791.85 722984.76),POINT(521080.98 722961.43),2
198,1;2;2;3;2;2;2;1;2;2;2;2;2;2;1;3;1;3;3;2;2;1;1;1;1;2;1;1;1;2;1;2;1;1;1;2;,12,GAL/A236/12F,GAL/A239,643,236,GAL/A236,2,SP4A,GAL/A236/A202/4,,NULL,1462537,2,1,ODP2,POINT(520791.85 722984.76),POINT(520818.84 723600.63),2
200,1;2;2;3;2;2;2;1;2;2;2;2;2;2;1;3;1;3;3;2;2;1;1;1;1;2;1;1;1;2;1;2;1;1;1;2;1;,12,GAL/A237/12F,GAL/A236,107,237,GAL/A237,2,SP4A,GAL/A237/A202/5,,NULL,277360,2,1,ODP2,POINT(520818.84 723600.63),POINT(520847 723685.8),2
199,1;2;2;3;2;2;2;1;2;2;2;2;2;2;1;3;1;3;3;2;2;1;1;1;1;2;1;1;1;2;1;2;1;1;1;2;1;1;,12,GAL/A238/12F,GAL/A237,78,238,GAL/A238,2,SP4A,GAL/A238/A202/6,,NULL,277362,2,1,ODP2,POINT(520847 723685.8),POINT(520863.2 723743.77),2
225,1;2;2;3;2;2;2;1;2;2;2;2;2;2;1;3;1;3;3;2;2;1;1;1;1;2;1;1;1;2;1;2;1;1;2;,96,GAL/A240/96F,GAL/A234,434,240,GAL/A240,1,,NULL,,NULL,GAL/A/EIR/CH403,4,2,JOINT,POINT(520624.74 722650.82),POINT(520213.85 722741.15),2
65,1;2;2;3;2;2;2;1;2;2;2;2;2;2;1;3;1;3;3;2;2;1;1;1;1;2;1;1;1;2;1;2;1;1;2;1;,12,GAL/A241/12F,GAL/A240,393,241,GAL/A241,2,SP4A,GAL/A241/A202/7,,NULL,2539291,2,1,ODP2,POINT(520213.85 722741.15),POINT(520282.96 723103.74),2
66,1;2;2;3;2;2;2;1;2;2;2;2;2;2;1;3;1;3;3;2;2;1;1;1;1;2;1;1;1;2;1;2;1;1;2;2;,96,GAL/A248/96F,GAL/A240,806,248,GAL/A248,1,SP8A,GAL/A248/A204,,NULL,GAL/A/EIR/CH112,1,2,ODP1,POINT(520213.85 722741.15),POINT(519421.7 722747.61),2
227,1;2;2;3;2;2;2;1;2;2;2;2;2;2;1;3;1;3;3;2;2;1;1;1;1;2;1;1;1;2;1;2;1;1;2;2;1;,24,GAL/A242/24F,GAL/A248,677,242,GAL/A242,2,SP8A,GAL/A242/A203,,NULL,2539325,1,1,ODP1,POINT(519421.7 722747.61),POINT(519278.13 723380.8),2
18,1;2;2;3;2;2;2;1;2;2;2;2;2;2;1;3;1;3;3;2;2;1;1;1;1;2;1;1;1;2;1;2;1;1;2;2;1;1;,12,GAL/A243/12F,GAL/A242,691,243,GAL/A243,2,SP4A,GAL/A243/A203/1,,NULL,N1000046,2,1,ODP2,POINT(519278.13 723380.8),POINT(518876.5 723559.38),2
228,1;2;2;3;2;2;2;1;2;2;2;2;2;2;1;3;1;3;3;2;2;1;1;1;1;2;1;1;1;2;1;2;1;1;2;2;1;1;1;,12,GAL/A244/12F,GAL/A243,1366,244,GAL/A244,2,SP4A,GAL/A244/A203/2,,NULL,1694079,2,1,ODP2,POINT(518876.5 723559.38),POINT(519693.83 724362.46),2
201,1;2;2;3;2;2;2;1;2;2;2;2;2;2;1;3;1;3;3;2;2;1;1;1;1;2;1;1;1;2;1;2;1;1;2;2;1;1;1;1;,12,GAL/A245/12F,GAL/A244,475,245,GAL/A245,2,SP4A,GAL/A245/A203/3,,NULL,241320,2,1,ODP2,POINT(519693.83 724362.46),POINT(519520.44 724745.31),2
253,1;2;2;3;2;2;2;1;2;2;2;2;2;2;1;3;1;3;3;2;2;1;1;1;1;2;1;1;1;2;1;2;1;1;2;2;1;1;1;1;1;,12,GAL/A246/12F,GAL/A245,227,246,GAL/A246,2,SP4A,GAL/A246/A203/4,,NULL,921615,2,1,ODP2,POINT(519520.44 724745.31),POINT(519604.69 724922.18),2
202,1;2;2;3;2;2;2;1;2;2;2;2;2;2;1;3;1;3;3;2;2;1;1;1;1;2;1;1;1;2;1;2;1;1;2;2;1;1;1;1;1;1;,12,GAL/A247/12F,GAL/A246,168,247,GAL/A247,2,SP4A,GAL/A247/A203/5,,NULL,921619,2,1,ODP2,POINT(519604.69 724922.18),POINT(519753.85 724926.03),2
67,1;2;2;3;2;2;2;1;2;2;2;2;2;2;1;3;1;3;3;2;2;1;1;1;1;2;1;1;1;2;1;2;1;1;2;2;2;,96,GAL/A249/96F,GAL/A248,271,249,GAL/A249,1,SP4A,GAL/A249/A204/1,,NULL,GAL/A/EIR/CH130,2,2,ODP2,POINT(519421.7 722747.61),POINT(519157.28 722774.14),2
68,1;2;2;3;2;2;2;1;2;2;2;2;2;2;1;3;1;3;3;2;2;1;1;1;1;2;1;1;1;2;1;2;1;1;2;2;2;1;,12,GAL/A251/12F,GAL/A249,96,251,GAL/A251,2,,NULL,,NULL,GAL/A/EIR/CH394,4,2,JOINT,POINT(519157.28 722774.14),POINT(519199.5 722838.93),2
213,1;2;2;3;2;2;2;1;2;2;2;2;2;2;1;3;1;3;3;2;2;1;1;1;1;2;1;1;1;2;1;2;1;1;2;2;2;1;1;,12,GAL/A252/12F,GAL/A251,57,252,GAL/A252,2,SP4A,GAL/A252/A204/3,,NULL,GAL/A/EIR/CH507,2,2,ODP2,POINT(519199.5 722838.93),POINT(519211.58 722889.45),2
216,1;2;2;3;2;2;2;1;2;2;2;2;2;2;1;3;1;3;3;2;2;1;1;1;1;2;1;1;1;2;1;2;1;1;2;2;2;1;1;1;,12,GAL/A253/12F,GAL/A252,69,253,GAL/A253,2,SP4A,GAL/A253/A204/4,,NULL,GAL/A/EIR/CH483,2,2,ODP2,POINT(519211.58 722889.45),POINT(519193.48 722950.08),2
215,1;2;2;3;2;2;2;1;2;2;2;2;2;2;1;3;1;3;3;2;2;1;1;1;1;2;1;1;1;2;1;2;1;1;2;2;2;1;1;1;1;,12,GAL/A254/12F,GAL/A253,40,254,GAL/A254,2,SP4A,GAL/A254/A204/5,,NULL,GAL/A/EIR/CH108,2,2,ODP2,POINT(519193.48 722950.08),POINT(519200.18 722983.82),2
214,1;2;2;3;2;2;2;1;2;2;2;2;2;2;1;3;1;3;3;2;2;1;1;1;1;2;1;1;1;2;1;2;1;1;2;2;2;1;1;1;1;1;,12,GAL/A255/12F,GAL/A254,33,255,GAL/A255,2,SP4A,GAL/A255/A204/6,,NULL,GAL/A/EIR/CH456,2,2,ODP2,POINT(519200.18 722983.82),POINT(519213.11 723008.64),2
254,1;2;2;3;2;2;2;1;2;2;2;2;2;2;1;3;1;3;3;2;2;1;1;1;1;2;1;1;1;2;1;2;1;1;2;2;2;1;2;,12,GAL/A250/12F,GAL/A251,74,250,GAL/A250,2,SP4A,GAL/A250/A204/2,SP4A,GAL/A250/A204/8,N1000039,2,1,ODP2,POINT(519199.5 722838.93),POINT(519256.01 722850.52),2
203,1;2;2;3;2;2;2;1;2;2;2;2;2;2;1;3;1;3;3;2;2;1;1;1;1;2;1;1;1;2;1;2;1;1;2;2;2;2;,96,GAL/A257/96F,GAL/A249,133,257,GAL/A257,1,SP8A,GAL/A257/A205,SP4B,GAL/A257/A205/7,GAL/A/EIR/CH383,5,2,ODP1+ODP2,POINT(519157.28 722774.14),POINT(519030.76 722792.31),2
210,1;2;2;3;2;2;2;1;2;2;2;2;2;2;1;3;1;3;3;2;2;1;1;1;1;2;1;1;1;2;1;2;1;1;2;2;2;2;1;,12,GAL/A258/12F,GAL/A257,196,258,GAL/A258,2,SP4A,GAL/A258/A205/1,,NULL,1695665,2,1,ODP2,POINT(519030.76 722792.31),POINT(519081.16 722955.48),2
19,1;2;2;3;2;2;2;1;2;2;2;2;2;2;1;3;1;3;3;2;2;1;1;1;1;2;1;1;1;2;1;2;1;1;2;2;2;2;1;1;,12,GAL/A259/12F,GAL/A258,67,259,GAL/A259,2,SP4A,GAL/A259/A205/2,,NULL,1695664,2,1,ODP2,POINT(519081.16 722955.48),POINT(519093.81 723001.99),2
212,1;2;2;3;2;2;2;1;2;2;2;2;2;2;1;3;1;3;3;2;2;1;1;1;1;2;1;1;1;2;1;2;1;1;2;2;2;2;1;1;1;,12,GAL/A260/12F,GAL/A259,65,260,GAL/A260,2,SP4A,GAL/A260/A205/3,,NULL,1437135,2,1,ODP2,POINT(519093.81 723001.99),POINT(519100.53 723048.08),2
211,1;2;2;3;2;2;2;1;2;2;2;2;2;2;1;3;1;3;3;2;2;1;1;1;1;2;1;1;1;2;1;2;1;1;2;2;2;2;1;1;1;1;,12,GAL/A261/12F,GAL/A260,57,261,GAL/A261,2,SP4A,GAL/A261/A205/4,,NULL,1437134,2,1,ODP2,POINT(519100.53 723048.08),POINT(519112.27 723087.26),2
204,1;2;2;3;2;2;2;1;2;2;2;2;2;2;1;3;1;3;3;2;2;1;1;1;1;2;1;1;1;2;1;2;1;1;2;2;2;2;2;,96,GAL/A262/96F,GAL/A257,96,262,GAL/A262,1,SP4A,GAL/A262/A205/5,,NULL,GAL/A/EIR/CH348,2,2,ODP2,POINT(519030.76 722792.31),POINT(518940.33 722801.71),2
206,1;2;2;3;2;2;2;1;2;2;2;2;2;2;1;3;1;3;3;2;2;1;1;1;1;2;1;1;1;2;1;2;1;1;2;2;2;2;2;1;,96,GAL/A263/96F,GAL/A262,90,263,GAL/A263,1,SP4A,GAL/A263/A205/6,,NULL,GAL/A/EIR/CH397,2,2,ODP2,POINT(518940.33 722801.71),POINT(518855.18 722806.68),2
205,1;2;2;3;2;2;2;1;2;2;2;2;2;2;1;3;1;3;3;2;2;1;1;1;1;2;1;1;1;2;1;2;1;1;2;2;2;2;2;1;1;,96,GAL/A264/96F,GAL/A263,36,264,GAL/A264,1,SP8A,GAL/A264/A206,SP4B,GAL/A264/A206/7,GAL/A/EIR/CH389,5,2,ODP1+ODP2,POINT(518855.18 722806.68),POINT(518824.12 722807.04),2
69,1;2;2;3;2;2;2;1;2;2;2;2;2;2;1;3;1;3;3;2;2;1;1;1;1;2;1;1;1;2;1;2;1;1;2;2;2;2;2;1;1;1;,12,GAL/A266/12F,GAL/A264,85,266,GAL/A266,2,SP4A,GAL/A266/A206/2,,NULL,GAL/A/EIR/CH546,2,2,ODP2,POINT(518824.12 722807.04),POINT(518818.84 722726.98),2
70,1;2;2;3;2;2;2;1;2;2;2;2;2;2;1;3;1;3;3;2;2;1;1;1;1;2;1;1;1;2;1;2;1;1;2;2;2;2;2;1;1;1;1;,12,GAL/A267/12F,GAL/A266,79,267,GAL/A267,2,SP4A,GAL/A267/A206/3,,NULL,GAL/A/EIR/CH353,2,2,ODP2,POINT(518818.84 722726.98),POINT(518874.47 722677.89),2
208,1;2;2;3;2;2;2;1;2;2;2;2;2;2;1;3;1;3;3;2;2;1;1;1;1;2;1;1;1;2;1;2;1;1;2;2;2;2;2;1;1;1;1;1;,12,GAL/A269/12F,GAL/A267,51,269,GAL/A269,2,SP4A,GAL/A269/A206/5,,NULL,GAL/A/EIR/CH374,2,2,ODP2,POINT(518874.47 722677.89),POINT(518882.75 722632.4),2
71,1;2;2;3;2;2;2;1;2;2;2;2;2;2;1;3;1;3;3;2;2;1;1;1;1;2;1;1;1;2;1;2;1;1;2;2;2;2;2;1;1;1;1;2;,12,GAL/A268/12F,GAL/A267,53,268,GAL/A268,2,SP4A,GAL/A268/A206/4,,NULL,GAL/A/EIR/CH186,2,2,ODP2,POINT(518874.47 722677.89),POINT(518919.61 722694.26),2
207,1;2;2;3;2;2;2;1;2;2;2;2;2;2;1;3;1;3;3;2;2;1;1;1;1;2;1;1;1;2;1;2;1;1;2;2;2;2;2;1;1;1;2;,12,GAL/A270/12F,GAL/A266,148,270,GAL/A270,2,SP4A,GAL/A270/A206/6,,NULL,GAL/A/EIR/CH123,2,2,ODP2,POINT(518818.84 722726.98),POINT(518827.61 722587.26),2
209,1;2;2;3;2;2;2;1;2;2;2;2;2;2;1;3;1;3;3;2;2;1;1;1;1;2;1;1;1;2;1;2;1;1;2;2;2;2;2;1;1;2;,12,GAL/A265/12F,GAL/A264,197,265,GAL/A265,2,SP4A,GAL/A265/A206/1,,NULL,189278,2,1,ODP2,POINT(518824.12 722807.04),POINT(518741.8 722904.41),2
